ts,local_time,intensity,emissions,energy_mwh
2026-05-19 21:00:00+00:00,2026-05-20 07:00:00+10:00,677.7394987597461,5326.7615,7859.6002
2026-05-19 22:00:00+00:00,2026-05-20 08:00:00+10:00,722.1592320014154,5367.8646,7433.0762
2026-05-19 23:00:00+00:00,2026-05-20 09:00:00+10:00,734.2725842126741,5327.2374,7255.1223
2026-05-20 00:00:00+00:00,2026-05-20 10:00:00+10:00,644.1790651949063,4910.7512,7623.2704
2026-05-20 01:00:00+00:00,2026-05-20 11:00:00+10:00,555.1267709336079,4568.0637,8228.8658
2026-05-20 02:00:00+00:00,2026-05-20 12:00:00+10:00,522.7867786712608,4292.9925,8211.7465
2026-05-20 03:00:00+00:00,2026-05-20 13:00:00+10:00,511.5190806264482,4165.5253,8143.4407
2026-05-20 04:00:00+00:00,2026-05-20 14:00:00+10:00,542.0531744190871,3984.4784,7350.715
2026-05-20 05:00:00+00:00,2026-05-20 15:00:00+10:00,626.2124980524196,4405.412,7035.0113
2026-05-20 06:00:00+00:00,2026-05-20 16:00:00+10:00,707.7911128933148,5260.1254,7431.7483
2026-05-20 07:00:00+00:00,2026-05-20 17:00:00+10:00,690.804570324847,5563.009,8052.9418
2026-05-20 08:00:00+00:00,2026-05-20 18:00:00+10:00,663.9164881515215,5576.6733,8399.6608
2026-05-20 09:00:00+00:00,2026-05-20 19:00:00+10:00,696.1480671878204,5606.1807,8053.1441
2026-05-20 10:00:00+00:00,2026-05-20 20:00:00+10:00,783.8183110195233,5605.9083,7152.0507
2026-05-20 11:00:00+00:00,2026-05-20 21:00:00+10:00,840.7011890073884,5606.4522,6668.7811
2026-05-20 12:00:00+00:00,2026-05-20 22:00:00+10:00,878.8052453891542,5589.6579,6360.5195
2026-05-20 13:00:00+00:00,2026-05-20 23:00:00+10:00,917.883408454362,5602.6533,6103.8834
2026-05-20 14:00:00+00:00,2026-05-21 00:00:00+10:00,943.9841446460724,5600.2641,5932.5828
2026-05-20 15:00:00+00:00,2026-05-21 01:00:00+10:00,965.0370469267044,5600.3883,5803.2884
2026-05-20 16:00:00+00:00,2026-05-21 02:00:00+10:00,975.5757449362716,5604.0817,5744.384
2026-05-20 17:00:00+00:00,2026-05-21 03:00:00+10:00,989.7768261050132,5558.7082,5616.1228
2026-05-20 18:00:00+00:00,2026-05-21 04:00:00+10:00,1032.1397175898094,5566.3874,5393.0561
2026-05-20 19:00:00+00:00,2026-05-21 05:00:00+10:00,995.8331883572852,5601.0561,5624.4923
2026-05-20 20:00:00+00:00,2026-05-21 06:00:00+10:00,862.1852992211253,5607.1426,6503.4078
2026-05-20 21:00:00+00:00,2026-05-21 07:00:00+10:00,714.0912094275031,5599.9821,7842.1104
2026-05-20 22:00:00+00:00,2026-05-21 08:00:00+10:00,762.4116299830054,5670.0957,7437.053
2026-05-20 23:00:00+00:00,2026-05-21 09:00:00+10:00,798.2400640100677,5667.0121,7099.3832
2026-05-21 00:00:00+00:00,2026-05-21 10:00:00+10:00,793.1516896110863,5666.2491,7143.9665
2026-05-21 01:00:00+00:00,2026-05-21 11:00:00+10:00,773.7718431878806,5651.4296,7303.7416
2026-05-21 02:00:00+00:00,2026-05-21 12:00:00+10:00,761.1956464653077,5624.9943,7389.6827
2026-05-21 03:00:00+00:00,2026-05-21 13:00:00+10:00,759.6180734320327,5634.9915,7418.1904
2026-05-21 04:00:00+00:00,2026-05-21 14:00:00+10:00,749.4229624264614,5646.7681,7534.8213
2026-05-21 05:00:00+00:00,2026-05-21 15:00:00+10:00,762.2917214210311,5643.9316,7403.8999
2026-05-21 06:00:00+00:00,2026-05-21 16:00:00+10:00,781.1717414204636,5685.7079,7278.4352
2026-05-21 07:00:00+00:00,2026-05-21 17:00:00+10:00,711.652687743124,5724.8756,8044.4797
2026-05-21 08:00:00+00:00,2026-05-21 18:00:00+10:00,696.6560141070173,5719.97,8210.6088
2026-05-21 09:00:00+00:00,2026-05-21 19:00:00+10:00,717.1637026179898,5719.2987,7974.8859
2026-05-21 10:00:00+00:00,2026-05-21 20:00:00+10:00,766.1589359762603,5695.8268,7434.2627
2026-05-21 11:00:00+00:00,2026-05-21 21:00:00+10:00,885.1779345052272,5735.6864,6479.6988
2026-05-21 12:00:00+00:00,2026-05-21 22:00:00+10:00,969.535251988668,5746.4303,5926.9947
2026-05-21 13:00:00+00:00,2026-05-21 23:00:00+10:00,994.8958242660132,5760.4707,5790.024
2026-05-21 14:00:00+00:00,2026-05-22 00:00:00+10:00,984.2395130651232,5809.9,5902.9331
2026-05-21 15:00:00+00:00,2026-05-22 01:00:00+10:00,995.5905169347858,5912.2657,5938.4512
2026-05-21 16:00:00+00:00,2026-05-22 02:00:00+10:00,1011.456146010158,5837.7298,5771.6094
2026-05-21 17:00:00+00:00,2026-05-22 03:00:00+10:00,1019.467226630044,5858.2418,5746.3758
2026-05-21 18:00:00+00:00,2026-05-22 04:00:00+10:00,1020.6362986355736,5871.9419,5753.2168
2026-05-21 19:00:00+00:00,2026-05-22 05:00:00+10:00,992.0431698610064,5866.6823,5913.7369
2026-05-21 20:00:00+00:00,2026-05-22 06:00:00+10:00,876.712132318123,5911.6785,6743.0098
2026-05-21 21:00:00+00:00,2026-05-22 07:00:00+10:00,746.0101925310444,5922.8308,7939.343
2026-05-21 22:00:00+00:00,2026-05-22 08:00:00+10:00,758.399331663692,5901.2813,7781.2322
2026-05-21 23:00:00+00:00,2026-05-22 09:00:00+10:00,748.9393547770262,5414.3973,7229.4202
2026-05-22 00:00:00+00:00,2026-05-22 10:00:00+10:00,732.5144585377856,5347.4277,7300.0985
2026-05-22 01:00:00+00:00,2026-05-22 11:00:00+10:00,687.1845234424678,5181.8489,7540.695
2026-05-22 02:00:00+00:00,2026-05-22 12:00:00+10:00,651.5506435910969,4891.4758,7507.4376
2026-05-22 03:00:00+00:00,2026-05-22 13:00:00+10:00,650.1149990515473,4834.4646,7436.3222
2026-05-22 04:00:00+00:00,2026-05-22 14:00:00+10:00,679.2566218877205,4741.8881,6980.9965
2026-05-22 05:00:00+00:00,2026-05-22 15:00:00+10:00,778.5323457206289,5402.4741,6939.3059
2026-05-22 06:00:00+00:00,2026-05-22 16:00:00+10:00,803.7850870310095,5871.2804,7304.5401
2026-05-22 07:00:00+00:00,2026-05-22 17:00:00+10:00,736.6635312919649,6031.1475,8187.1129
2026-05-22 08:00:00+00:00,2026-05-22 18:00:00+10:00,764.9895201842216,6056.8453,7917.5533
2026-05-22 09:00:00+00:00,2026-05-22 19:00:00+10:00,822.4107229786323,6055.6915,7363.3421
2026-05-22 10:00:00+00:00,2026-05-22 20:00:00+10:00,852.6691855889226,6061.2354,7108.5428
2026-05-22 11:00:00+00:00,2026-05-22 21:00:00+10:00,876.9816269836814,6061.4732,6911.7448
2026-05-22 12:00:00+00:00,2026-05-22 22:00:00+10:00,904.070593995057,6008.1805,6645.6984
2026-05-22 13:00:00+00:00,2026-05-22 23:00:00+10:00,897.329094832553,5875.6044,6547.8813
2026-05-22 14:00:00+00:00,2026-05-23 00:00:00+10:00,925.0000982229504,5768.1281,6235.8135
2026-05-22 15:00:00+00:00,2026-05-23 01:00:00+10:00,978.3420974888415,5766.914,5894.5782
2026-05-22 16:00:00+00:00,2026-05-23 02:00:00+10:00,983.6893259371792,5727.9955,5822.9721
2026-05-22 17:00:00+00:00,2026-05-23 03:00:00+10:00,950.5419975335334,5471.0956,5755.7642
2026-05-22 18:00:00+00:00,2026-05-23 04:00:00+10:00,942.5397352781678,5555.0569,5893.7111
2026-05-22 19:00:00+00:00,2026-05-23 05:00:00+10:00,912.0688587966212,5421.0209,5943.6531
2026-05-22 20:00:00+00:00,2026-05-23 06:00:00+10:00,879.9706790537837,5515.4254,6267.7377
2026-05-22 21:00:00+00:00,2026-05-23 07:00:00+10:00,857.3615784162685,5573.2882,6500.5108
2026-05-22 22:00:00+00:00,2026-05-23 08:00:00+10:00,840.950935696476,5647.1861,6715.2385
2026-05-22 23:00:00+00:00,2026-05-23 09:00:00+10:00,807.6254677772445,5594.6064,6927.2288
2026-05-23 00:00:00+00:00,2026-05-23 10:00:00+10:00,782.3717659979768,5589.467,7144.2596
2026-05-23 01:00:00+00:00,2026-05-23 11:00:00+10:00,761.2626728782897,5416.4047,7115.0273
2026-05-23 02:00:00+00:00,2026-05-23 12:00:00+10:00,725.2568870448644,5210.4529,7184.286
2026-05-23 03:00:00+00:00,2026-05-23 13:00:00+10:00,754.6820225400631,5204.4722,6896.2451
2026-05-23 04:00:00+00:00,2026-05-23 14:00:00+10:00,796.1638226330624,5340.244,6707.4688
2026-05-23 05:00:00+00:00,2026-05-23 15:00:00+10:00,875.4723457614393,5675.9095,6483.2539
2026-05-23 06:00:00+00:00,2026-05-23 16:00:00+10:00,865.3720791961471,5821.8772,6727.6
2026-05-23 07:00:00+00:00,2026-05-23 17:00:00+10:00,801.1060591335947,5928.5777,7400.4904
2026-05-23 08:00:00+00:00,2026-05-23 18:00:00+10:00,765.5828968859311,5855.2077,7648.0388
2026-05-23 09:00:00+00:00,2026-05-23 19:00:00+10:00,782.8387468253331,5770.6202,7371.4034
2026-05-23 10:00:00+00:00,2026-05-23 20:00:00+10:00,863.4526930132018,5853.5874,6779.2798
2026-05-23 11:00:00+00:00,2026-05-23 21:00:00+10:00,913.087735868027,5775.8402,6325.6136
2026-05-23 12:00:00+00:00,2026-05-23 22:00:00+10:00,962.7649879198206,5812.3682,6037.162
2026-05-23 13:00:00+00:00,2026-05-23 23:00:00+10:00,973.7177592065292,5725.2946,5879.8297
2026-05-23 14:00:00+00:00,2026-05-24 00:00:00+10:00,975.1804422242716,5578.8859,5720.8755
2026-05-23 15:00:00+00:00,2026-05-24 01:00:00+10:00,973.9880534004114,5558.4158,5706.8624
2026-05-23 16:00:00+00:00,2026-05-24 02:00:00+10:00,1005.389440928424,5559.2051,5529.4047
2026-05-23 17:00:00+00:00,2026-05-24 03:00:00+10:00,1006.589443106459,5486.9413,5451.0221
2026-05-23 18:00:00+00:00,2026-05-24 04:00:00+10:00,1029.233602715116,5415.6224,5261.801
2026-05-23 19:00:00+00:00,2026-05-24 05:00:00+10:00,1037.997278265453,5368.2126,5171.702
2026-05-23 20:00:00+00:00,2026-05-24 06:00:00+10:00,1036.5449570506896,5481.3112,5288.0593
2026-05-23 21:00:00+00:00,2026-05-24 07:00:00+10:00,1042.779697733521,5496.0826,5270.6076
2026-05-23 22:00:00+00:00,2026-05-24 08:00:00+10:00,1012.0950918797964,5641.0547,5573.641
2026-05-23 23:00:00+00:00,2026-05-24 09:00:00+10:00,963.2271802501724,5637.7657,5852.9969
2026-05-24 00:00:00+00:00,2026-05-24 10:00:00+10:00,947.0747738552432,5625.9598,5940.3544
2026-05-24 01:00:00+00:00,2026-05-24 11:00:00+10:00,927.1829992253104,5628.281,6070.3022
2026-05-24 02:00:00+00:00,2026-05-24 12:00:00+10:00,903.9670221102282,5679.798,6283.1916
2026-05-24 03:00:00+00:00,2026-05-24 13:00:00+10:00,879.1233533952698,5800.8507,6598.4491
2026-05-24 04:00:00+00:00,2026-05-24 14:00:00+10:00,884.5628998048358,5849.7873,6613.1954
2026-05-24 05:00:00+00:00,2026-05-24 15:00:00+10:00,877.8125976225898,5954.043,6782.8179
2026-05-24 06:00:00+00:00,2026-05-24 16:00:00+10:00,837.5098198808388,5971.1678,7129.669
2026-05-24 07:00:00+00:00,2026-05-24 17:00:00+10:00,770.4959743940714,5978.6273,7759.453
2026-05-24 08:00:00+00:00,2026-05-24 18:00:00+10:00,790.7132384053789,5994.2847,7580.8579
2026-05-24 09:00:00+00:00,2026-05-24 19:00:00+10:00,854.4917935279518,5987.8145,7007.457
2026-05-24 10:00:00+00:00,2026-05-24 20:00:00+10:00,858.9449318639868,5946.1528,6922.624
2026-05-24 11:00:00+00:00,2026-05-24 21:00:00+10:00,883.6581525969412,5871.3625,6644.3822
2026-05-24 12:00:00+00:00,2026-05-24 22:00:00+10:00,871.2744563240335,5804.4516,6662.0243
2026-05-24 13:00:00+00:00,2026-05-24 23:00:00+10:00,913.2601890718496,5757.3326,6304.1537
2026-05-24 14:00:00+00:00,2026-05-25 00:00:00+10:00,936.820518491602,5757.1652,6145.4303
2026-05-24 15:00:00+00:00,2026-05-25 01:00:00+10:00,969.5318920649888,5743.3901,5923.8795
2026-05-24 16:00:00+00:00,2026-05-25 02:00:00+10:00,1010.6553994394752,5670.1286,5610.3481
2026-05-24 17:00:00+00:00,2026-05-25 03:00:00+10:00,1042.6640666017752,5671.2024,5439.1463
2026-05-24 18:00:00+00:00,2026-05-25 04:00:00+10:00,1065.1823375956856,5675.1968,5327.9111
2026-05-24 19:00:00+00:00,2026-05-25 05:00:00+10:00,1080.1092733569733,5618.9261,5202.183
2026-05-24 20:00:00+00:00,2026-05-25 06:00:00+10:00,1000.0718986864072,5573.5206,5573.1199
2026-05-24 21:00:00+00:00,2026-05-25 07:00:00+10:00,886.1126973159504,5564.1796,6279.3137
2026-05-24 22:00:00+00:00,2026-05-25 08:00:00+10:00,887.8744321354645,5580.5197,6285.2578
2026-05-24 23:00:00+00:00,2026-05-25 09:00:00+10:00,863.9428312328427,5552.8195,6427.2997
2026-05-25 00:00:00+00:00,2026-05-25 10:00:00+10:00,873.6158174177716,5541.1352,6342.7597
2026-05-25 01:00:00+00:00,2026-05-25 11:00:00+10:00,805.5404561934567,5437.4796,6750.1012
2026-05-25 02:00:00+00:00,2026-05-25 12:00:00+10:00,801.2287643433159,5561.3593,6941.038
2026-05-25 03:00:00+00:00,2026-05-25 13:00:00+10:00,790.4212293754769,5585.7342,7066.7816
2026-05-25 04:00:00+00:00,2026-05-25 14:00:00+10:00,789.0605091166996,5695.7947,7218.4511
2026-05-25 05:00:00+00:00,2026-05-25 15:00:00+10:00,816.3263295717749,5775.8647,7075.436
2026-05-25 06:00:00+00:00,2026-05-25 16:00:00+10:00,807.9900003753395,5896.2213,7297.3939
2026-05-25 07:00:00+00:00,2026-05-25 17:00:00+10:00,746.2189116559508,5887.0333,7889.1505
2026-05-25 08:00:00+00:00,2026-05-25 18:00:00+10:00,723.0747368199916,5916.6197,8182.5839
2026-05-25 09:00:00+00:00,2026-05-25 19:00:00+10:00,796.4077308016881,5884.4534,7388.7447
2026-05-25 10:00:00+00:00,2026-05-25 20:00:00+10:00,795.139866817623,5865.7922,7377.0571
2026-05-25 11:00:00+00:00,2026-05-25 21:00:00+10:00,827.9048124904741,5838.7438,7052.4337
2026-05-25 12:00:00+00:00,2026-05-25 22:00:00+10:00,843.6833280978667,5759.1497,6826.1983
2026-05-25 13:00:00+00:00,2026-05-25 23:00:00+10:00,873.5111556876461,5725.2719,6554.3203
2026-05-25 14:00:00+00:00,2026-05-26 00:00:00+10:00,894.0053213792835,5632.8233,6300.6597
2026-05-25 15:00:00+00:00,2026-05-26 01:00:00+10:00,931.8508583024465,5587.805,5996.4585
2026-05-25 16:00:00+00:00,2026-05-26 02:00:00+10:00,940.2469655186362,5537.3202,5889.2189
2026-05-25 17:00:00+00:00,2026-05-26 03:00:00+10:00,933.7921012803608,5523.545,5915.1764
2026-05-25 18:00:00+00:00,2026-05-26 04:00:00+10:00,912.5883629805144,5526.9841,6056.3824
2026-05-25 19:00:00+00:00,2026-05-26 05:00:00+10:00,908.0993189641716,5550.9951,6112.7621
2026-05-25 20:00:00+00:00,2026-05-26 06:00:00+10:00,834.3374811704429,5549.7154,6651.6434
2026-05-25 21:00:00+00:00,2026-05-26 07:00:00+10:00,727.6136511887368,5575.0244,7662.0668
2026-05-25 22:00:00+00:00,2026-05-26 08:00:00+10:00,739.207035520537,5688.4576,7695.351
2026-05-25 23:00:00+00:00,2026-05-26 09:00:00+10:00,716.3736690631554,5377.8546,7507.0523
2026-05-26 00:00:00+00:00,2026-05-26 10:00:00+10:00,706.1087222889206,5461.8542,7735.1462
2026-05-26 01:00:00+00:00,2026-05-26 11:00:00+10:00,733.5625361061203,5822.4275,7937.1931
2026-05-26 02:00:00+00:00,2026-05-26 12:00:00+10:00,693.9790151452443,5704.3651,8219.7948
2026-05-26 03:00:00+00:00,2026-05-26 13:00:00+10:00,668.854865459195,5586.6621,8352.5775
2026-05-26 04:00:00+00:00,2026-05-26 14:00:00+10:00,670.8866969409605,5649.26,8420.5873
2026-05-26 05:00:00+00:00,2026-05-26 15:00:00+10:00,683.3613678312123,5670.2012,8297.515
2026-05-26 06:00:00+00:00,2026-05-26 16:00:00+10:00,720.1177190929296,5752.5688,7988.3728
2026-05-26 07:00:00+00:00,2026-05-26 17:00:00+10:00,696.4872133598105,5806.7463,8337.1901
2026-05-26 08:00:00+00:00,2026-05-26 18:00:00+10:00,700.3842438620018,5803.6488,8286.3783
2026-05-26 09:00:00+00:00,2026-05-26 19:00:00+10:00,713.1430269813261,5774.8742,8097.7784
2026-05-26 10:00:00+00:00,2026-05-26 20:00:00+10:00,720.7210259463241,5603.2374,7774.4886
2026-05-26 11:00:00+00:00,2026-05-26 21:00:00+10:00,751.4719523366639,5477.3205,7288.789
2026-05-26 12:00:00+00:00,2026-05-26 22:00:00+10:00,773.1318879039095,5428.1269,7020.9585
2026-05-26 13:00:00+00:00,2026-05-26 23:00:00+10:00,803.0351414544434,5451.3729,6788.4612
2026-05-26 14:00:00+00:00,2026-05-27 00:00:00+10:00,821.5071359434481,5385.4905,6555.6223
2026-05-26 15:00:00+00:00,2026-05-27 01:00:00+10:00,833.1023955895602,5271.9656,6328.1124
2026-05-26 16:00:00+00:00,2026-05-27 02:00:00+10:00,838.8167389468457,5116.7733,6099.9895
2026-05-26 17:00:00+00:00,2026-05-27 03:00:00+10:00,863.82760632623,5216.0346,6038.2819
2026-05-26 18:00:00+00:00,2026-05-27 04:00:00+10:00,905.4904456597,5439.7813,6007.5524
2026-05-26 19:00:00+00:00,2026-05-27 05:00:00+10:00,927.02149696933,5651.868,6096.8036
2026-05-26 20:00:00+00:00,2026-05-27 06:00:00+10:00,889.883639391396,5801.8565,6519.7923
2026-05-26 21:00:00+00:00,2026-05-27 07:00:00+10:00,787.1876328094311,5990.5437,7610.0582
2026-05-26 22:00:00+00:00,2026-05-27 08:00:00+10:00,742.1915507583054,6031.6109,8126.7577
2026-05-26 23:00:00+00:00,2026-05-27 09:00:00+10:00,843.546366560523,6024.1938,7141.5088
2026-05-27 00:00:00+00:00,2026-05-27 10:00:00+10:00,813.273789774371,6027.1723,7411.0003
2026-05-27 01:00:00+00:00,2026-05-27 11:00:00+10:00,766.0841628757925,6015.2537,7851.9489
2026-05-27 02:00:00+00:00,2026-05-27 12:00:00+10:00,785.288329099412,5987.3009,7624.3345
2026-05-27 03:00:00+00:00,2026-05-27 13:00:00+10:00,793.3428635746234,5885.7946,7418.9797
2026-05-27 04:00:00+00:00,2026-05-27 14:00:00+10:00,804.7139018812878,5883.6463,7311.4759
2026-05-27 05:00:00+00:00,2026-05-27 15:00:00+10:00,831.8978196562969,5974.2405,7181.4595
2026-05-27 06:00:00+00:00,2026-05-27 16:00:00+10:00,829.5908574913711,6044.7694,7286.4465
2026-05-27 07:00:00+00:00,2026-05-27 17:00:00+10:00,845.8633828832363,6143.427,7262.9069
2026-05-27 08:00:00+00:00,2026-05-27 18:00:00+10:00,848.3508305877465,6166.5066,7268.8166
2026-05-27 09:00:00+00:00,2026-05-27 19:00:00+10:00,890.1767962815254,6195.5292,6959.8862
2026-05-27 10:00:00+00:00,2026-05-27 20:00:00+10:00,930.93057661403,6147.1583,6603.2403
2026-05-27 11:00:00+00:00,2026-05-27 21:00:00+10:00,951.16662048784,6092.3859,6405.1721
2026-05-27 12:00:00+00:00,2026-05-27 22:00:00+10:00,980.8843995426656,6080.7278,6199.2298
2026-05-27 13:00:00+00:00,2026-05-27 23:00:00+10:00,1005.5715213505714,6043.7658,6010.2794
2026-05-27 14:00:00+00:00,2026-05-28 00:00:00+10:00,1014.9989671990749,6049.8916,5960.4904
2026-05-27 15:00:00+00:00,2026-05-28 01:00:00+10:00,1003.5919476846512,6017.2528,5995.7165
2026-05-27 16:00:00+00:00,2026-05-28 02:00:00+10:00,1013.3442547931472,5979.2928,5900.5543
2026-05-27 17:00:00+00:00,2026-05-28 03:00:00+10:00,1037.946443204403,5953.2232,5735.5784
2026-05-27 18:00:00+00:00,2026-05-28 04:00:00+10:00,1057.918921849218,5906.2163,5582.8629
2026-05-27 19:00:00+00:00,2026-05-28 05:00:00+10:00,1054.7416107707402,5927.1112,5619.4912
2026-05-27 20:00:00+00:00,2026-05-28 06:00:00+10:00,1000.0553339989872,5994.8379,5994.5062
2026-05-27 21:00:00+00:00,2026-05-28 07:00:00+10:00,891.0952649092313,6124.7445,6873.2769
2026-05-27 22:00:00+00:00,2026-05-28 08:00:00+10:00,862.4525490746024,6137.6979,7116.563
2026-05-27 23:00:00+00:00,2026-05-28 09:00:00+10:00,845.0979267812287,6044.0382,7151.8791
2026-05-28 00:00:00+00:00,2026-05-28 10:00:00+10:00,835.5399354284122,5975.7558,7151.9691
2026-05-28 01:00:00+00:00,2026-05-28 11:00:00+10:00,786.7075276909942,5976.1062,7596.3506
2026-05-28 02:00:00+00:00,2026-05-28 12:00:00+10:00,772.7601546142687,6004.7419,7770.5118
2026-05-28 03:00:00+00:00,2026-05-28 13:00:00+10:00,769.8176983049077,6017.7437,7817.1023
2026-05-28 04:00:00+00:00,2026-05-28 14:00:00+10:00,770.3282756965863,5978.9972,7761.6224
2026-05-28 05:00:00+00:00,2026-05-28 15:00:00+10:00,797.7054302347715,6103.7472,7651.6305
2026-05-28 06:00:00+00:00,2026-05-28 16:00:00+10:00,831.6129506397729,6033.5567,7255.2462
2026-05-28 07:00:00+00:00,2026-05-28 17:00:00+10:00,836.9380250194868,6065.4832,7247.231
2026-05-28 08:00:00+00:00,2026-05-28 18:00:00+10:00,824.8466791308925,6126.3698,7427.2831
2026-05-28 09:00:00+00:00,2026-05-28 19:00:00+10:00,846.1397919213658,6130.7557,7245.5589
2026-05-28 10:00:00+00:00,2026-05-28 20:00:00+10:00,916.7704244383916,6106.9272,6661.3484
2026-05-28 11:00:00+00:00,2026-05-28 21:00:00+10:00,922.968457073332,5627.5194,6097.1958
2026-05-28 12:00:00+00:00,2026-05-28 22:00:00+10:00,959.0846550637558,5564.1279,5801.4982
2026-05-28 13:00:00+00:00,2026-05-28 23:00:00+10:00,986.714799008138,5521.8354,5596.1818
2026-05-28 14:00:00+00:00,2026-05-29 00:00:00+10:00,971.6947853225544,5530.9251,5692.0395
2026-05-28 15:00:00+00:00,2026-05-29 01:00:00+10:00,975.2738186094426,5557.1425,5698.0331
2026-05-28 16:00:00+00:00,2026-05-29 02:00:00+10:00,995.6523533390636,5558.7474,5583.0204
2026-05-28 17:00:00+00:00,2026-05-29 03:00:00+10:00,1006.7157711152752,5488.8716,5452.2555
2026-05-28 18:00:00+00:00,2026-05-29 04:00:00+10:00,965.6316095054844,5465.2757,5659.7937
2026-05-28 19:00:00+00:00,2026-05-29 05:00:00+10:00,942.3483501624004,5454.2951,5787.9818
2026-05-28 20:00:00+00:00,2026-05-29 06:00:00+10:00,926.7504604484064,5546.3827,5984.7639
2026-05-28 21:00:00+00:00,2026-05-29 07:00:00+10:00,798.48086802817,5543.7721,6942.8991
2026-05-28 22:00:00+00:00,2026-05-29 08:00:00+10:00,775.9324331243146,5528.5968,7125.1008
2026-05-28 23:00:00+00:00,2026-05-29 09:00:00+10:00,799.6077232923792,5529.6677,6915.4756
2026-05-29 00:00:00+00:00,2026-05-29 10:00:00+10:00,738.0082666035374,5395.9946,7311.5639
2026-05-29 01:00:00+00:00,2026-05-29 11:00:00+10:00,685.9043793984011,5383.1391,7848.2355
2026-05-29 02:00:00+00:00,2026-05-29 12:00:00+10:00,675.7673602863491,5421.0703,8022.0955
2026-05-29 03:00:00+00:00,2026-05-29 13:00:00+10:00,692.1158044771222,5421.1084,7832.6609
2026-05-29 04:00:00+00:00,2026-05-29 14:00:00+10:00,740.6820450228286,5411.4068,7305.9781
2026-05-29 05:00:00+00:00,2026-05-29 15:00:00+10:00,799.2218132456325,5428.31,6791.9943
2026-05-29 06:00:00+00:00,2026-05-29 16:00:00+10:00,810.9277250866683,5438.9804,6707.1087
2026-05-29 07:00:00+00:00,2026-05-29 17:00:00+10:00,753.4960486891514,5423.4957,7197.7759
2026-05-29 08:00:00+00:00,2026-05-29 18:00:00+10:00,726.910590473987,5412.763,7446.2569
2026-05-29 09:00:00+00:00,2026-05-29 19:00:00+10:00,715.7101880318434,5343.1659,7465.544
2026-05-29 10:00:00+00:00,2026-05-29 20:00:00+10:00,726.2513178641607,5336.3344,7347.7793
2026-05-29 11:00:00+00:00,2026-05-29 21:00:00+10:00,741.1902450116479,5290.9604,7138.4647
2026-05-29 12:00:00+00:00,2026-05-29 22:00:00+10:00,772.9267517883193,5283.2949,6835.4406
2026-05-29 13:00:00+00:00,2026-05-29 23:00:00+10:00,809.9411636252531,5276.822,6515.0683
2026-05-29 14:00:00+00:00,2026-05-30 00:00:00+10:00,826.5857963256433,5144.8778,6224.2514
2026-05-29 15:00:00+00:00,2026-05-30 01:00:00+10:00,836.8836876617421,4971.418,5940.393
2026-05-29 16:00:00+00:00,2026-05-30 02:00:00+10:00,821.000746003728,4769.3742,5809.2203
2026-05-29 17:00:00+00:00,2026-05-30 03:00:00+10:00,805.9847284401353,4680.3455,5806.9903
2026-05-29 18:00:00+00:00,2026-05-30 04:00:00+10:00,774.8230913705542,4508.9088,5819.2752
2026-05-29 19:00:00+00:00,2026-05-30 05:00:00+10:00,756.2519407554425,4401.5532,5820.2207
2026-05-29 20:00:00+00:00,2026-05-30 06:00:00+10:00,784.2484105720908,4651.7489,5931.4738
2026-05-29 21:00:00+00:00,2026-05-30 07:00:00+10:00,758.3263975775122,4882.6634,6438.7359
2026-05-29 22:00:00+00:00,2026-05-30 08:00:00+10:00,748.6054368260299,5019.8981,6705.6661
2026-05-29 23:00:00+00:00,2026-05-30 09:00:00+10:00,739.3460538152152,4951.8306,6697.5817
2026-05-30 00:00:00+00:00,2026-05-30 10:00:00+10:00,661.9954846866019,4507.913,6809.5827
2026-05-30 01:00:00+00:00,2026-05-30 11:00:00+10:00,530.6640498983149,3712.6383,6996.2122
2026-05-30 02:00:00+00:00,2026-05-30 12:00:00+10:00,494.7833568148771,3494.7923,7063.2778
2026-05-30 03:00:00+00:00,2026-05-30 13:00:00+10:00,518.6859975993635,3544.711,6834.021
2026-05-30 04:00:00+00:00,2026-05-30 14:00:00+10:00,619.7572320938954,4154.0763,6702.7476
2026-05-30 05:00:00+00:00,2026-05-30 15:00:00+10:00,665.9591799990804,4468.2075,6709.4315
2026-05-30 06:00:00+00:00,2026-05-30 16:00:00+10:00,692.2967492535582,4596.3422,6639.2659
2026-05-30 07:00:00+00:00,2026-05-30 17:00:00+10:00,700.1480262170568,5108.5672,7296.4102
2026-05-30 08:00:00+00:00,2026-05-30 18:00:00+10:00,701.7103776866466,5095.3109,7261.2734
2026-05-30 09:00:00+00:00,2026-05-30 19:00:00+10:00,729.7317270382957,5101.1811,6990.4883
2026-05-30 10:00:00+00:00,2026-05-30 20:00:00+10:00,766.0373482093261,5020.187,6553.4494
2026-05-30 11:00:00+00:00,2026-05-30 21:00:00+10:00,718.3163414981195,4661.5626,6489.5678
2026-05-30 12:00:00+00:00,2026-05-30 22:00:00+10:00,689.3509478730765,4308.6858,6250.3516
2026-05-30 13:00:00+00:00,2026-05-30 23:00:00+10:00,692.1854750716396,4359.1602,6297.6765
2026-05-30 14:00:00+00:00,2026-05-31 00:00:00+10:00,681.6439295386344,4270.2162,6264.5848
2026-05-30 15:00:00+00:00,2026-05-31 01:00:00+10:00,666.4745288822947,4108.4821,6164.4998
2026-05-30 16:00:00+00:00,2026-05-31 02:00:00+10:00,628.0041856101702,3904.8514,6217.8748
2026-05-30 17:00:00+00:00,2026-05-31 03:00:00+10:00,620.7081584816538,3736.0758,6019.0538
2026-05-30 18:00:00+00:00,2026-05-31 04:00:00+10:00,625.4282741257516,3747.0645,5991.1978
2026-05-30 19:00:00+00:00,2026-05-31 05:00:00+10:00,626.1399206304607,3758.234,6002.2271
2026-05-30 20:00:00+00:00,2026-05-31 06:00:00+10:00,659.2269702325291,3949.4771,5991.0733
2026-05-30 21:00:00+00:00,2026-05-31 07:00:00+10:00,686.5675696641648,4351.7784,6338.4561
2026-05-30 22:00:00+00:00,2026-05-31 08:00:00+10:00,679.8592042941128,4628.8235,6808.5031
2026-05-30 23:00:00+00:00,2026-05-31 09:00:00+10:00,589.3885990128799,4157.1138,7053.2647
2026-05-31 00:00:00+00:00,2026-05-31 10:00:00+10:00,487.85814096576166,3597.5797,7374.2332
2026-05-31 01:00:00+00:00,2026-05-31 11:00:00+10:00,454.6996360215034,3536.0482,7776.6682
2026-05-31 02:00:00+00:00,2026-05-31 12:00:00+10:00,445.95657444967713,3512.4974,7876.3216
2026-05-31 03:00:00+00:00,2026-05-31 13:00:00+10:00,459.2881142242073,3512.9333,7648.6484
2026-05-31 04:00:00+00:00,2026-05-31 14:00:00+10:00,479.2228136170739,3629.9828,7574.7287
2026-05-31 05:00:00+00:00,2026-05-31 15:00:00+10:00,566.7847281229357,4177.3974,7370.3422
2026-05-31 06:00:00+00:00,2026-05-31 16:00:00+10:00,676.4278109312024,5068.3659,7492.8408
2026-05-31 07:00:00+00:00,2026-05-31 17:00:00+10:00,674.1557385497385,5249.7075,7787.0842
2026-05-31 08:00:00+00:00,2026-05-31 18:00:00+10:00,683.2024014598366,5253.2728,7689.1896
2026-05-31 09:00:00+00:00,2026-05-31 19:00:00+10:00,756.8558994215683,5253.5799,6941.3212
2026-05-31 10:00:00+00:00,2026-05-31 20:00:00+10:00,815.3624837745269,5111.5079,6269.0006
2026-05-31 11:00:00+00:00,2026-05-31 21:00:00+10:00,802.8494013130265,4752.4301,5919.454
2026-05-31 12:00:00+00:00,2026-05-31 22:00:00+10:00,804.2675073009165,4928.6597,6128.1348
2026-05-31 13:00:00+00:00,2026-05-31 23:00:00+10:00,868.000207442149,5252.1335,6050.8436
2026-05-31 14:00:00+00:00,2026-06-01 00:00:00+10:00,901.5550775829292,5247.4265,5820.417
2026-05-31 15:00:00+00:00,2026-06-01 01:00:00+10:00,954.2590989102116,5240.9677,5492.1852
2026-05-31 16:00:00+00:00,2026-06-01 02:00:00+10:00,1002.4359241203832,5242.4176,5229.6785
2026-05-31 17:00:00+00:00,2026-06-01 03:00:00+10:00,998.5305391965358,5236.1226,5243.8282
2026-05-31 18:00:00+00:00,2026-06-01 04:00:00+10:00,988.09455759547,5194.4039,5256.9907
2026-05-31 19:00:00+00:00,2026-06-01 05:00:00+10:00,949.812752251647,5227.5837,5503.8045
2026-05-31 20:00:00+00:00,2026-06-01 06:00:00+10:00,864.122850029712,5279.4918,6109.6542
2026-05-31 21:00:00+00:00,2026-06-01 07:00:00+10:00,727.842002269143,5222.17,7174.8676
2026-05-31 22:00:00+00:00,2026-06-01 08:00:00+10:00,703.9335643978688,5208.08,7398.5391
2026-05-31 23:00:00+00:00,2026-06-01 09:00:00+10:00,659.1645159863591,5149.1793,7811.6755
2026-06-01 00:00:00+00:00,2026-06-01 10:00:00+10:00,543.55196200296,4445.251,8178.1528
2026-06-01 01:00:00+00:00,2026-06-01 11:00:00+10:00,484.1579962631783,4123.2483,8516.328
2026-06-01 02:00:00+00:00,2026-06-01 12:00:00+10:00,472.8762129299775,4111.7898,8695.2773
2026-06-01 03:00:00+00:00,2026-06-01 13:00:00+10:00,510.2380898274712,4331.2021,8488.5903
2026-06-01 04:00:00+00:00,2026-06-01 14:00:00+10:00,560.1647795082109,4685.0421,8363.6856
2026-06-01 05:00:00+00:00,2026-06-01 15:00:00+10:00,606.9631943184838,4860.8367,8008.4538
2026-06-01 06:00:00+00:00,2026-06-01 16:00:00+10:00,630.6258305108481,5176.968,8209.2546
2026-06-01 07:00:00+00:00,2026-06-01 17:00:00+10:00,575.5689499420215,5305.3411,9217.5596
2026-06-01 08:00:00+00:00,2026-06-01 18:00:00+10:00,547.2045863772862,5402.8154,9873.4834
2026-06-01 09:00:00+00:00,2026-06-01 19:00:00+10:00,604.1540363221022,5362.4383,8875.9455
2026-06-01 10:00:00+00:00,2026-06-01 20:00:00+10:00,636.5551005316428,5266.6998,8273.7532
2026-06-01 11:00:00+00:00,2026-06-01 21:00:00+10:00,629.4250848900599,4971.2053,7898.0095
2026-06-01 12:00:00+00:00,2026-06-01 22:00:00+10:00,628.3242867289147,4672.3548,7436.2155
2026-06-01 13:00:00+00:00,2026-06-01 23:00:00+10:00,581.9444963660624,4083.1858,7016.4523
2026-06-01 14:00:00+00:00,2026-06-02 00:00:00+10:00,592.7717791177605,3910.2306,6596.5195
2026-06-01 15:00:00+00:00,2026-06-02 01:00:00+10:00,588.8847867856277,3721.7896,6320.0641
2026-06-01 16:00:00+00:00,2026-06-02 02:00:00+10:00,603.0309136195373,3730.2156,6185.7784
2026-06-01 17:00:00+00:00,2026-06-02 03:00:00+10:00,626.4103713242239,3860.5145,6162.916
2026-06-01 18:00:00+00:00,2026-06-02 04:00:00+10:00,629.6015374873032,3931.3996,6244.2662
2026-06-01 19:00:00+00:00,2026-06-02 05:00:00+10:00,632.7594965314639,3959.198,6257.0345
2026-06-01 20:00:00+00:00,2026-06-02 06:00:00+10:00,580.1473693330411,4044.4765,6971.464
2026-06-01 21:00:00+00:00,2026-06-02 07:00:00+10:00,582.2247217330224,4736.5616,8135.2808
2026-06-01 22:00:00+00:00,2026-06-02 08:00:00+10:00,624.5996187756776,5140.4939,8230.0625
2026-06-01 23:00:00+00:00,2026-06-02 09:00:00+10:00,645.0607857883906,5069.7979,7859.4111
2026-06-02 00:00:00+00:00,2026-06-02 10:00:00+10:00,615.7681144688501,4720.2126,7665.5684
2026-06-02 01:00:00+00:00,2026-06-02 11:00:00+10:00,599.7583404996576,4641.0263,7738.1605
2026-06-02 02:00:00+00:00,2026-06-02 12:00:00+10:00,616.2902258106622,4715.0308,7650.6662
2026-06-02 03:00:00+00:00,2026-06-02 13:00:00+10:00,619.8117565273596,4805.3227,7752.8744
2026-06-02 04:00:00+00:00,2026-06-02 14:00:00+10:00,609.2469336288162,4646.2966,7626.2946
2026-06-02 05:00:00+00:00,2026-06-02 15:00:00+10:00,627.8975765326427,4563.7278,7268.2679
2026-06-02 06:00:00+00:00,2026-06-02 16:00:00+10:00,663.6897103766123,4854.2507,7314.0364
2026-06-02 07:00:00+00:00,2026-06-02 17:00:00+10:00,636.5141478047107,4936.9444,7756.221
2026-06-02 08:00:00+00:00,2026-06-02 18:00:00+10:00,600.9300366457974,4884.0635,8127.5077
2026-06-02 09:00:00+00:00,2026-06-02 19:00:00+10:00,617.0867829945058,4888.3291,7921.6234
2026-06-02 10:00:00+00:00,2026-06-02 20:00:00+10:00,634.1378114085284,4907.4513,7738.7773
2026-06-02 11:00:00+00:00,2026-06-02 21:00:00+10:00,638.565302614083,4720.1327,7391.7776
2026-06-02 12:00:00+00:00,2026-06-02 22:00:00+10:00,649.8418391472823,4717.1418,7258.9075
2026-06-02 13:00:00+00:00,2026-06-02 23:00:00+10:00,664.462591937374,4690.8142,7059.561
2026-06-02 14:00:00+00:00,2026-06-03 00:00:00+10:00,628.8302053914015,4160.2809,6615.905
2026-06-02 15:00:00+00:00,2026-06-03 01:00:00+10:00,578.4070346445926,3545.6309,6129.9927
2026-06-02 16:00:00+00:00,2026-06-03 02:00:00+10:00,590.9814560112195,3507.6192,5935.2441
2026-06-02 17:00:00+00:00,2026-06-03 03:00:00+10:00,592.4936317366415,3531.0667,5959.6703
2026-06-02 18:00:00+00:00,2026-06-03 04:00:00+10:00,591.8736226252689,3551.323,6000.1373
2026-06-02 19:00:00+00:00,2026-06-03 05:00:00+10:00,578.6206618178463,3552.2189,6139.1152
2026-06-02 20:00:00+00:00,2026-06-03 06:00:00+10:00,539.4374455880693,3654.2839,6774.2496
2026-06-02 21:00:00+00:00,2026-06-03 07:00:00+10:00,548.7003096813605,4256.7674,7757.9096
2026-06-02 22:00:00+00:00,2026-06-03 08:00:00+10:00,566.3260156379054,4512.7671,7968.4969
2026-06-02 23:00:00+00:00,2026-06-03 09:00:00+10:00,499.05977919108,3954.9161,7924.7342
2026-06-03 00:00:00+00:00,2026-06-03 10:00:00+10:00,456.0866723891458,3698.7057,8109.6553
2026-06-03 01:00:00+00:00,2026-06-03 11:00:00+10:00,436.9955929068163,3626.7785,8299.348
2026-06-03 02:00:00+00:00,2026-06-03 12:00:00+10:00,419.6204279004591,3476.0303,8283.749
2026-06-03 03:00:00+00:00,2026-06-03 13:00:00+10:00,435.3542190478676,3475.2703,7982.6269
2026-06-03 04:00:00+00:00,2026-06-03 14:00:00+10:00,484.3371383226989,3611.6801,7456.9547
2026-06-03 05:00:00+00:00,2026-06-03 15:00:00+10:00,516.1598923054576,3994.8295,7739.5194
2026-06-03 06:00:00+00:00,2026-06-03 16:00:00+10:00,581.3193030424198,4648.0383,7995.6717
2026-06-03 07:00:00+00:00,2026-06-03 17:00:00+10:00,571.1257029144415,5019.1444,8788.1606
2026-06-03 08:00:00+00:00,2026-06-03 18:00:00+10:00,571.0425023244633,5230.4216,9159.4261
2026-06-03 09:00:00+00:00,2026-06-03 19:00:00+10:00,584.0447581038438,5076.801,8692.4862
2026-06-03 10:00:00+00:00,2026-06-03 20:00:00+10:00,599.1748739516491,4964.1135,8284.916
2026-06-03 11:00:00+00:00,2026-06-03 21:00:00+10:00,616.5172264930674,4867.004,7894.352
2026-06-03 12:00:00+00:00,2026-06-03 22:00:00+10:00,623.4229675348444,4681.7429,7509.7376
2026-06-03 13:00:00+00:00,2026-06-03 23:00:00+10:00,586.6497677464454,4219.2418,7192.0966
2026-06-03 14:00:00+00:00,2026-06-04 00:00:00+10:00,561.7209312909752,3922.3761,6982.7843
2026-06-03 15:00:00+00:00,2026-06-04 01:00:00+10:00,541.5996876693825,3615.166,6674.978
2026-06-03 16:00:00+00:00,2026-06-04 02:00:00+10:00,536.8302404920919,3624.6117,6751.8769
2026-06-03 17:00:00+00:00,2026-06-04 03:00:00+10:00,533.3420495295734,3611.8282,6772.0672
2026-06-03 18:00:00+00:00,2026-06-04 04:00:00+10:00,536.0411295324683,3609.4107,6733.4585
2026-06-03 19:00:00+00:00,2026-06-04 05:00:00+10:00,545.9481058214767,3641.2301,6669.5535
2026-06-03 20:00:00+00:00,2026-06-04 06:00:00+10:00,626.016997720238,4434.9972,7084.4677
2026-06-03 21:00:00+00:00,2026-06-04 07:00:00+10:00,623.2480000310564,5201.693,8346.1046
2026-06-03 22:00:00+00:00,2026-06-04 08:00:00+10:00,605.7549033865322,5272.9476,8704.7543
2026-06-03 23:00:00+00:00,2026-06-04 09:00:00+10:00,628.7472569660292,5252.5991,8354.0708
2026-06-04 00:00:00+00:00,2026-06-04 10:00:00+10:00,613.8212986037955,5191.3371,8457.4079
2026-06-04 01:00:00+00:00,2026-06-04 11:00:00+10:00,585.6228255808693,5069.7344,8656.9959
2026-06-04 02:00:00+00:00,2026-06-04 12:00:00+10:00,562.7123925450493,5048.4942,8971.7132
2026-06-04 03:00:00+00:00,2026-06-04 13:00:00+10:00,577.3412770967149,5032.7092,8717.0438
2026-06-04 04:00:00+00:00,2026-06-04 14:00:00+10:00,565.9191728366009,4969.3186,8780.9688
2026-06-04 05:00:00+00:00,2026-06-04 15:00:00+10:00,559.1313249663594,4865.8143,8702.4534
2026-06-04 06:00:00+00:00,2026-06-04 16:00:00+10:00,591.6386312587274,5186.2152,8765.8495
2026-06-04 07:00:00+00:00,2026-06-04 17:00:00+10:00,515.4963020910376,5264.2836,10212.0686
2026-06-04 08:00:00+00:00,2026-06-04 18:00:00+10:00,522.0508418649576,5292.3766,10137.6651
2026-06-04 09:00:00+00:00,2026-06-04 19:00:00+10:00,542.8852463163548,5270.5544,9708.4134
2026-06-04 10:00:00+00:00,2026-06-04 20:00:00+10:00,576.0177485380789,5218.4821,9059.5856
2026-06-04 11:00:00+00:00,2026-06-04 21:00:00+10:00,601.935755354683,5195.5611,8631.4213
2026-06-04 12:00:00+00:00,2026-06-04 22:00:00+10:00,654.5766014511704,5090.5193,7776.8122
2026-06-04 13:00:00+00:00,2026-06-04 23:00:00+10:00,662.4231258898235,4978.8837,7516.1683
2026-06-04 14:00:00+00:00,2026-06-05 00:00:00+10:00,693.2320601098254,4945.5049,7133.9818
2026-06-04 15:00:00+00:00,2026-06-05 01:00:00+10:00,720.5507847788629,4943.7377,6861.0538
2026-06-04 16:00:00+00:00,2026-06-05 02:00:00+10:00,695.3259325089502,4682.9808,6734.9434
2026-06-04 17:00:00+00:00,2026-06-05 03:00:00+10:00,740.1332573127372,4865.7717,6574.1833
2026-06-04 18:00:00+00:00,2026-06-05 04:00:00+10:00,772.1797127821472,5009.183,6487.0689
2026-06-04 19:00:00+00:00,2026-06-05 05:00:00+10:00,816.3093512258819,5240.0356,6419.1787
2026-06-04 20:00:00+00:00,2026-06-05 06:00:00+10:00,722.3053330724886,5348.794,7405.1703
2026-06-04 21:00:00+00:00,2026-06-05 07:00:00+10:00,624.3354724353984,5395.0635,8641.2894
2026-06-04 22:00:00+00:00,2026-06-05 08:00:00+10:00,608.2024567712825,5401.4743,8881.0465
2026-06-04 23:00:00+00:00,2026-06-05 09:00:00+10:00,680.0755527302393,5367.569,7892.6069
2026-06-05 00:00:00+00:00,2026-06-05 10:00:00+10:00,692.7366385893603,5307.0247,7660.9557
2026-06-05 01:00:00+00:00,2026-06-05 11:00:00+10:00,685.2718904066794,5292.5423,7723.2736
2026-06-05 02:00:00+00:00,2026-06-05 12:00:00+10:00,654.6509631180005,5368.9314,8201.2121
2026-06-05 03:00:00+00:00,2026-06-05 13:00:00+10:00,653.0792807318096,5408.9886,8282.2848
2026-06-05 04:00:00+00:00,2026-06-05 14:00:00+10:00,663.3996418893917,5360.3178,8080.0734
2026-06-05 05:00:00+00:00,2026-06-05 15:00:00+10:00,657.4656416511011,5369.4906,8166.9524
2026-06-05 06:00:00+00:00,2026-06-05 16:00:00+10:00,688.109573536185,5404.8889,7854.6922
2026-06-05 07:00:00+00:00,2026-06-05 17:00:00+10:00,632.3272459219921,5487.382,8678.073
2026-06-05 08:00:00+00:00,2026-06-05 18:00:00+10:00,624.8014818821404,5539.8074,8866.5081
2026-06-05 09:00:00+00:00,2026-06-05 19:00:00+10:00,664.3305842118037,5534.0633,8330.2853
2026-06-05 10:00:00+00:00,2026-06-05 20:00:00+10:00,682.6737738143563,5576.4653,8168.5653
2026-06-05 11:00:00+00:00,2026-06-05 21:00:00+10:00,686.5705302106289,5466.4046,7961.8981
2026-06-05 12:00:00+00:00,2026-06-05 22:00:00+10:00,703.4775117263526,5417.0519,7700.391
2026-06-05 13:00:00+00:00,2026-06-05 23:00:00+10:00,737.9184487007774,5520.2207,7480.8005
2026-06-05 14:00:00+00:00,2026-06-06 00:00:00+10:00,753.5560905674442,5479.8195,7271.9464
2026-06-05 15:00:00+00:00,2026-06-06 01:00:00+10:00,740.3151016283152,5367.6867,7250.5433
2026-06-05 16:00:00+00:00,2026-06-06 02:00:00+10:00,743.5195872501268,5266.0838,7082.643
2026-06-05 17:00:00+00:00,2026-06-06 03:00:00+10:00,748.6159037440106,5147.9855,6876.6713
2026-06-05 18:00:00+00:00,2026-06-06 04:00:00+10:00,786.6328358377605,5262.971,6690.5051
2026-06-05 19:00:00+00:00,2026-06-06 05:00:00+10:00,830.5766428123175,5448.7616,6560.2153
2026-06-05 20:00:00+00:00,2026-06-06 06:00:00+10:00,803.2535161158938,5681.2493,7072.7973
2026-06-05 21:00:00+00:00,2026-06-06 07:00:00+10:00,723.2742174108492,5768.5546,7975.6121
2026-06-05 22:00:00+00:00,2026-06-06 08:00:00+10:00,795.1461587017618,5780.1644,7269.3106
2026-06-05 23:00:00+00:00,2026-06-06 09:00:00+10:00,815.0378250122449,5785.7324,7098.7287
2026-06-06 00:00:00+00:00,2026-06-06 10:00:00+10:00,777.4721968688013,5654.3547,7272.742
2026-06-06 01:00:00+00:00,2026-06-06 11:00:00+10:00,725.2593148708355,5289.9291,7293.8451
2026-06-06 02:00:00+00:00,2026-06-06 12:00:00+10:00,698.2786773278199,5085.7571,7283.2771
2026-06-06 03:00:00+00:00,2026-06-06 13:00:00+10:00,714.2240776784969,5147.7354,7207.4515
2026-06-06 04:00:00+00:00,2026-06-06 14:00:00+10:00,743.6747996257169,5366.7811,7216.5698
2026-06-06 05:00:00+00:00,2026-06-06 15:00:00+10:00,806.2910421727757,5689.2545,7056.0805
2026-06-06 06:00:00+00:00,2026-06-06 16:00:00+10:00,817.1890657933626,5860.377,7171.3845
2026-06-06 07:00:00+00:00,2026-06-06 17:00:00+10:00,724.1138532168924,5911.3878,8163.6165
2026-06-06 08:00:00+00:00,2026-06-06 18:00:00+10:00,725.361521510993,5918.8386,8159.8464
2026-06-06 09:00:00+00:00,2026-06-06 19:00:00+10:00,725.6454217025753,5931.0749,8173.5166
2026-06-06 10:00:00+00:00,2026-06-06 20:00:00+10:00,779.5914317691792,5924.5351,7599.5385
2026-06-06 11:00:00+00:00,2026-06-06 21:00:00+10:00,809.4117474802632,5915.0649,7307.8565
2026-06-06 12:00:00+00:00,2026-06-06 22:00:00+10:00,861.9327288466787,5920.0092,6868.2961
2026-06-06 13:00:00+00:00,2026-06-06 23:00:00+10:00,877.8130115286982,5918.0948,6741.8627
2026-06-06 14:00:00+00:00,2026-06-07 00:00:00+10:00,892.864364279682,5821.7278,6520.2824
2026-06-06 15:00:00+00:00,2026-06-07 01:00:00+10:00,940.3543328589028,5776.4779,6142.8737
2026-06-06 16:00:00+00:00,2026-06-07 02:00:00+10:00,985.233501066864,5776.2183,5862.7912
2026-06-06 17:00:00+00:00,2026-06-07 03:00:00+10:00,996.2293012158858,5772.6998,5794.5493
2026-06-06 18:00:00+00:00,2026-06-07 04:00:00+10:00,1020.436497732341,5781.8583,5666.0638
2026-06-06 19:00:00+00:00,2026-06-07 05:00:00+10:00,1020.1911135979738,5778.6218,5664.2542
2026-06-06 20:00:00+00:00,2026-06-07 06:00:00+10:00,963.5083789112796,5749.7244,5967.4877
2026-06-06 21:00:00+00:00,2026-06-07 07:00:00+10:00,923.1973012665992,5560.7761,6023.3886
2026-06-06 22:00:00+00:00,2026-06-07 08:00:00+10:00,930.845819402388,5603.3773,6019.6621
2026-06-06 23:00:00+00:00,2026-06-07 09:00:00+10:00,857.06466079256,5720.8683,6674.9553
2026-06-07 00:00:00+00:00,2026-06-07 10:00:00+10:00,765.9028786436453,5380.156,7024.593
2026-06-07 01:00:00+00:00,2026-06-07 11:00:00+10:00,706.2849961252074,5013.9804,7099.0895
2026-06-07 02:00:00+00:00,2026-06-07 12:00:00+10:00,667.3106358505358,4968.5934,7445.6979
2026-06-07 03:00:00+00:00,2026-06-07 13:00:00+10:00,683.8877651919357,4947.4866,7234.3546
2026-06-07 04:00:00+00:00,2026-06-07 14:00:00+10:00,778.6581550725299,5129.0697,6587.0622
2026-06-07 05:00:00+00:00,2026-06-07 15:00:00+10:00,893.204565392247,5683.3607,6362.8881
2026-06-07 06:00:00+00:00,2026-06-07 16:00:00+10:00,824.524700769609,5824.488,7064.0552
2026-06-07 07:00:00+00:00,2026-06-07 17:00:00+10:00,707.6480477840112,5922.9642,8369.9294
2026-06-07 08:00:00+00:00,2026-06-07 18:00:00+10:00,709.8204061225348,5939.7433,8367.9523
2026-06-07 09:00:00+00:00,2026-06-07 19:00:00+10:00,744.8391083664621,5948.2338,7985.9311
2026-06-07 10:00:00+00:00,2026-06-07 20:00:00+10:00,797.4782637852929,5938.7164,7446.8693
2026-06-07 11:00:00+00:00,2026-06-07 21:00:00+10:00,910.8718943169258,5939.7049,6520.9004
2026-06-07 12:00:00+00:00,2026-06-07 22:00:00+10:00,938.0390180684568,5933.9747,6325.9359
2026-06-07 13:00:00+00:00,2026-06-07 23:00:00+10:00,953.1017350885965,5836.887,6124.0965
2026-06-07 14:00:00+00:00,2026-06-08 00:00:00+10:00,947.3595004023848,5789.494,6111.1901
2026-06-07 15:00:00+00:00,2026-06-08 01:00:00+10:00,972.7723758746184,5782.4449,5944.2939
2026-06-07 16:00:00+00:00,2026-06-08 02:00:00+10:00,1015.4844465509434,5786.5795,5698.3438
2026-06-07 17:00:00+00:00,2026-06-08 03:00:00+10:00,1049.9572504349508,5784.8935,5509.6467
2026-06-07 18:00:00+00:00,2026-06-08 04:00:00+10:00,1067.1355971943472,5786.1124,5422.0967
2026-06-07 19:00:00+00:00,2026-06-08 05:00:00+10:00,1066.8401808587237,5784.6906,5422.2654
2026-06-07 20:00:00+00:00,2026-06-08 06:00:00+10:00,1055.1427977503752,5794.122,5491.3155
2026-06-07 21:00:00+00:00,2026-06-08 07:00:00+10:00,983.3564096340644,5775.8013,5873.5584
2026-06-07 22:00:00+00:00,2026-06-08 08:00:00+10:00,905.4683950922,5731.0071,6329.3287
2026-06-07 23:00:00+00:00,2026-06-08 09:00:00+10:00,761.8940713632946,5209.0159,6836.9293
2026-06-08 00:00:00+00:00,2026-06-08 10:00:00+10:00,661.2586693004705,4569.8034,6910.7652
2026-06-08 01:00:00+00:00,2026-06-08 11:00:00+10:00,592.581972963922,4261.5148,7191.4351
2026-06-08 02:00:00+00:00,2026-06-08 12:00:00+10:00,541.1746678810613,3971.4839,7338.636
2026-06-08 03:00:00+00:00,2026-06-08 13:00:00+10:00,521.0464374448144,3851.1602,7391.2034
2026-06-08 04:00:00+00:00,2026-06-08 14:00:00+10:00,562.312654592399,3978.9623,7076.0675
2026-06-08 05:00:00+00:00,2026-06-08 15:00:00+10:00,681.143875929914,4700.4835,6900.8673
2026-06-08 06:00:00+00:00,2026-06-08 16:00:00+10:00,768.0856725801176,5373.4577,6995.9093
2026-06-08 07:00:00+00:00,2026-06-08 17:00:00+10:00,699.9386315764474,5687.9316,8126.329
2026-06-08 08:00:00+00:00,2026-06-08 18:00:00+10:00,677.7723220005662,5693.4703,8400.2697
2026-06-08 09:00:00+00:00,2026-06-08 19:00:00+10:00,700.3331752696541,5708.5174,8151.1452
2026-06-08 10:00:00+00:00,2026-06-08 20:00:00+10:00,732.8143444963623,5693.1533,7768.889
2026-06-08 11:00:00+00:00,2026-06-08 21:00:00+10:00,774.4518373750143,5701.7147,7362.2586
2026-06-08 12:00:00+00:00,2026-06-08 22:00:00+10:00,753.8750269069955,5390.6262,7150.5568
2026-06-08 13:00:00+00:00,2026-06-08 23:00:00+10:00,691.8031001204705,4694.7326,6786.2266
2026-06-08 14:00:00+00:00,2026-06-09 00:00:00+10:00,662.132373577387,4415.3567,6668.3897
2026-06-08 15:00:00+00:00,2026-06-09 01:00:00+10:00,648.4911959010437,4131.3522,6370.7144
2026-06-08 16:00:00+00:00,2026-06-09 02:00:00+10:00,641.6692991340748,4010.1273,6249.5234
2026-06-08 17:00:00+00:00,2026-06-09 03:00:00+10:00,645.7511744589035,4005.9692,6203.5802
2026-06-08 18:00:00+00:00,2026-06-09 04:00:00+10:00,634.9365136491675,3973.7169,6258.4476
2026-06-08 19:00:00+00:00,2026-06-09 05:00:00+10:00,627.5200883942184,3966.6407,6321.1374
2026-06-08 20:00:00+00:00,2026-06-09 06:00:00+10:00,591.617067738701,4138.6556,6995.4973
2026-06-08 21:00:00+00:00,2026-06-09 07:00:00+10:00,593.4257886544121,4806.0636,8098.8452
2026-06-08 22:00:00+00:00,2026-06-09 08:00:00+10:00,597.0594644868133,5070.4386,8492.3511
2026-06-08 23:00:00+00:00,2026-06-09 09:00:00+10:00,542.3281968611079,4385.9013,8087.1718
2026-06-09 00:00:00+00:00,2026-06-09 10:00:00+10:00,488.5880075336897,3812.648,7803.4007
2026-06-09 01:00:00+00:00,2026-06-09 11:00:00+10:00,441.85590234235394,3668.8588,8303.2925
2026-06-09 02:00:00+00:00,2026-06-09 12:00:00+10:00,429.8357157179758,3639.903,8468.126
2026-06-09 03:00:00+00:00,2026-06-09 13:00:00+10:00,432.8839548571204,3641.2865,8411.692
2026-06-09 04:00:00+00:00,2026-06-09 14:00:00+10:00,452.907629809476,3792.9379,8374.639
2026-06-09 05:00:00+00:00,2026-06-09 15:00:00+10:00,534.1748610045735,4084.91,7647.1401
2026-06-09 06:00:00+00:00,2026-06-09 16:00:00+10:00,554.755467708528,4569.2656,8236.54
2026-06-09 07:00:00+00:00,2026-06-09 17:00:00+10:00,630.9245672504168,5240.7211,8306.4147
2026-06-09 08:00:00+00:00,2026-06-09 18:00:00+10:00,588.0061816299763,5179.8246,8809.1329
2026-06-09 09:00:00+00:00,2026-06-09 19:00:00+10:00,610.7036517053352,5131.2461,8402.1867
2026-06-09 10:00:00+00:00,2026-06-09 20:00:00+10:00,635.6458606121918,5103.3803,8028.6534
2026-06-09 11:00:00+00:00,2026-06-09 21:00:00+10:00,654.2072202774796,5115.9195,7820.0291
2026-06-09 12:00:00+00:00,2026-06-09 22:00:00+10:00,665.5662749861878,4956.4417,7446.9544
2026-06-09 13:00:00+00:00,2026-06-09 23:00:00+10:00,645.9099771152758,4468.5034,6918.152
2026-06-09 14:00:00+00:00,2026-06-10 00:00:00+10:00,620.484112417446,4122.4594,6643.9403
2026-06-09 15:00:00+00:00,2026-06-10 01:00:00+10:00,603.2050656707834,3859.0105,6397.5101
2026-06-09 16:00:00+00:00,2026-06-10 02:00:00+10:00,608.6140085800708,3865.6885,6351.6259
2026-06-09 17:00:00+00:00,2026-06-10 03:00:00+10:00,608.0812883938563,3888.3142,6394.3987
2026-06-09 18:00:00+00:00,2026-06-10 04:00:00+10:00,612.8060337969406,3882.2782,6335.248
2026-06-09 19:00:00+00:00,2026-06-10 05:00:00+10:00,607.5378452171449,3918.2595,6449.4081
2026-06-09 20:00:00+00:00,2026-06-10 06:00:00+10:00,568.8064602592302,3963.707,6968.4634
2026-06-09 21:00:00+00:00,2026-06-10 07:00:00+10:00,523.8632343141159,4061.8979,7753.7373
2026-06-09 22:00:00+00:00,2026-06-10 08:00:00+10:00,564.7754131771561,4471.9748,7918.1471
2026-06-09 23:00:00+00:00,2026-06-10 09:00:00+10:00,542.2783587309217,4379.8758,8076.8036
2026-06-10 00:00:00+00:00,2026-06-10 10:00:00+10:00,502.7516104352525,4167.8473,8290.0725
2026-06-10 01:00:00+00:00,2026-06-10 11:00:00+10:00,519.7328345871049,4129.2439,7944.9356
2026-06-10 02:00:00+00:00,2026-06-10 12:00:00+10:00,598.2625872787892,4731.5358,7908.7944
2026-06-10 03:00:00+00:00,2026-06-10 13:00:00+10:00,691.9971129589777,5163.7064,7462.0346
2026-06-10 04:00:00+00:00,2026-06-10 14:00:00+10:00,730.0798747435483,5200.0226,7122.5393
2026-06-10 05:00:00+00:00,2026-06-10 15:00:00+10:00,793.0218597643598,5515.7369,6955.3403
2026-06-10 06:00:00+00:00,2026-06-10 16:00:00+10:00,788.2175766559338,5582.2718,7082.1458
2026-06-10 07:00:00+00:00,2026-06-10 17:00:00+10:00,782.5493305446284,5824.1975,7442.5947
2026-06-10 08:00:00+00:00,2026-06-10 18:00:00+10:00,753.0677183197231,5987.1926,7950.404
2026-06-10 09:00:00+00:00,2026-06-10 19:00:00+10:00,754.3520238696972,6019.3694,7979.5231
2026-06-10 10:00:00+00:00,2026-06-10 20:00:00+10:00,840.3444042838239,6006.426,7147.5766
2026-06-10 11:00:00+00:00,2026-06-10 21:00:00+10:00,911.1392868590508,6019.414,6606.4696
2026-06-10 12:00:00+00:00,2026-06-10 22:00:00+10:00,983.6163371560248,6025.1943,6125.5533
2026-06-10 13:00:00+00:00,2026-06-10 23:00:00+10:00,1018.1967930382544,6010.2775,5902.8643
2026-06-10 14:00:00+00:00,2026-06-11 00:00:00+10:00,1032.6185966662451,5972.7716,5784.1023
2026-06-10 15:00:00+00:00,2026-06-11 01:00:00+10:00,1061.1456667252714,5953.5289,5610.4728
2026-06-10 16:00:00+00:00,2026-06-11 02:00:00+10:00,1073.1899152493124,6007.6241,5597.9133
2026-06-10 17:00:00+00:00,2026-06-11 03:00:00+10:00,1080.7334356199603,6024.5119,5574.4661
2026-06-10 18:00:00+00:00,2026-06-11 04:00:00+10:00,1077.3212416506872,6022.1569,5589.9361
2026-06-10 19:00:00+00:00,2026-06-11 05:00:00+10:00,1048.7125382514582,5940.3531,5664.4246
2026-06-10 20:00:00+00:00,2026-06-11 06:00:00+10:00,995.8088544138376,5733.1032,5757.2326
2026-06-10 21:00:00+00:00,2026-06-11 07:00:00+10:00,798.0365816882968,5743.4036,7196.9177
2026-06-10 22:00:00+00:00,2026-06-11 08:00:00+10:00,766.3066105120762,5742.6858,7493.9792
2026-06-10 23:00:00+00:00,2026-06-11 09:00:00+10:00,799.7852739192838,5708.7378,7137.8381
2026-06-11 00:00:00+00:00,2026-06-11 10:00:00+10:00,742.9474956108979,5630.8406,7579.0559
2026-06-11 01:00:00+00:00,2026-06-11 11:00:00+10:00,716.3876609393923,5608.0448,7828.2264
2026-06-11 02:00:00+00:00,2026-06-11 12:00:00+10:00,692.0793841025242,5522.4453,7979.4969
2026-06-11 03:00:00+00:00,2026-06-11 13:00:00+10:00,690.8149241284314,5426.7776,7855.6172
2026-06-11 04:00:00+00:00,2026-06-11 14:00:00+10:00,726.9510136199272,5538.948,7619.424
2026-06-11 05:00:00+00:00,2026-06-11 15:00:00+10:00,787.1540410525265,5680.8009,7216.8859
2026-06-11 06:00:00+00:00,2026-06-11 16:00:00+10:00,759.7157706431682,5692.2868,7492.6532
2026-06-11 07:00:00+00:00,2026-06-11 17:00:00+10:00,712.7661217115577,5710.1106,8011.1981
2026-06-11 08:00:00+00:00,2026-06-11 18:00:00+10:00,691.594204566081,5890.5333,8517.326
2026-06-11 09:00:00+00:00,2026-06-11 19:00:00+10:00,716.9649835843165,5960.2576,8313.1781
2026-06-11 10:00:00+00:00,2026-06-11 20:00:00+10:00,751.1852020488251,6030.6878,8028.2303
2026-06-11 11:00:00+00:00,2026-06-11 21:00:00+10:00,770.0027854432196,5979.3573,7765.371
2026-06-11 12:00:00+00:00,2026-06-11 22:00:00+10:00,787.7009952770861,5815.5009,7382.8787
2026-06-11 13:00:00+00:00,2026-06-11 23:00:00+10:00,834.1087623208872,5733.3063,6873.5716
2026-06-11 14:00:00+00:00,2026-06-12 00:00:00+10:00,804.0348126246323,5283.7803,6571.5815
2026-06-11 15:00:00+00:00,2026-06-12 01:00:00+10:00,726.1607069703048,4542.2387,6255.1425
2026-06-11 16:00:00+00:00,2026-06-12 02:00:00+10:00,715.2066857570352,4332.5428,6057.7493
2026-06-11 17:00:00+00:00,2026-06-12 03:00:00+10:00,683.4301007895355,4057.4535,5936.8961
2026-06-11 18:00:00+00:00,2026-06-12 04:00:00+10:00,675.318362402167,4005.1331,5930.7333
2026-06-11 19:00:00+00:00,2026-06-12 05:00:00+10:00,679.93716247009,3998.759,5881.0714
2026-06-11 20:00:00+00:00,2026-06-12 06:00:00+10:00,616.0775612081586,3995.5709,6485.4998
2026-06-11 21:00:00+00:00,2026-06-12 07:00:00+10:00,616.2248945697385,4439.0965,7203.6955
2026-06-11 22:00:00+00:00,2026-06-12 08:00:00+10:00,597.8879971565894,4518.9854,7558.2474
2026-06-11 23:00:00+00:00,2026-06-12 09:00:00+10:00,538.8855477447684,3969.0222,7365.2415
2026-06-12 00:00:00+00:00,2026-06-12 10:00:00+10:00,506.3839051561231,3838.263,7579.7492
2026-06-12 01:00:00+00:00,2026-06-12 11:00:00+10:00,494.6984455042905,3883.2519,7849.7354
2026-06-12 02:00:00+00:00,2026-06-12 12:00:00+10:00,479.6830601039325,3816.5373,7956.3729
2026-06-12 03:00:00+00:00,2026-06-12 13:00:00+10:00,476.0816698940749,3764.803,7907.8932
2026-06-12 04:00:00+00:00,2026-06-12 14:00:00+10:00,520.2650359386488,3953.6273,7599.2562
2026-06-12 05:00:00+00:00,2026-06-12 15:00:00+10:00,567.8560152393313,4146.1568,7301.4227
2026-06-12 06:00:00+00:00,2026-06-12 16:00:00+10:00,575.8372337081895,4271.7603,7418.3468
2026-06-12 07:00:00+00:00,2026-06-12 17:00:00+10:00,555.1158463256975,4728.9272,8518.8114
2026-06-12 08:00:00+00:00,2026-06-12 18:00:00+10:00,575.9100782062463,4902.3265,8512.3124
2026-06-12 09:00:00+00:00,2026-06-12 19:00:00+10:00,591.407796504239,4841.8632,8187.0128
2026-06-12 10:00:00+00:00,2026-06-12 20:00:00+10:00,627.3712923043889,4801.0873,7652.7048
2026-06-12 11:00:00+00:00,2026-06-12 21:00:00+10:00,644.0529195364462,4776.2419,7415.9153
2026-06-12 12:00:00+00:00,2026-06-12 22:00:00+10:00,635.5839550675217,4356.1226,6853.7328
2026-06-12 13:00:00+00:00,2026-06-12 23:00:00+10:00,630.5290266251592,4298.3706,6817.086
2026-06-12 14:00:00+00:00,2026-06-13 00:00:00+10:00,629.1889643752452,4265.8387,6779.9007
2026-06-12 15:00:00+00:00,2026-06-13 01:00:00+10:00,627.4906088804969,3976.1558,6336.5981
2026-06-12 16:00:00+00:00,2026-06-13 02:00:00+10:00,617.8753810702934,3747.8336,6065.6788
2026-06-12 17:00:00+00:00,2026-06-13 03:00:00+10:00,625.6240306643399,3695.1234,5906.3003
2026-06-12 18:00:00+00:00,2026-06-13 04:00:00+10:00,626.6263306686429,3760.8767,6001.7853
2026-06-12 19:00:00+00:00,2026-06-13 05:00:00+10:00,636.1394183426006,3774.4368,5933.3484
2026-06-12 20:00:00+00:00,2026-06-13 06:00:00+10:00,629.3637868249143,3775.2152,5998.4627
2026-06-12 21:00:00+00:00,2026-06-13 07:00:00+10:00,610.3466298236502,3828.1482,6272.0887
2026-06-12 22:00:00+00:00,2026-06-13 08:00:00+10:00,578.1189860382781,3856.8948,6671.455
2026-06-12 23:00:00+00:00,2026-06-13 09:00:00+10:00,545.6483381963508,3862.2742,7078.3212
2026-06-13 00:00:00+00:00,2026-06-13 10:00:00+10:00,527.6409183036058,3860.6064,7316.7305
2026-06-13 01:00:00+00:00,2026-06-13 11:00:00+10:00,506.33563221418586,3875.111,7653.2457
2026-06-13 02:00:00+00:00,2026-06-13 12:00:00+10:00,518.7667026667779,3993.9629,7698.9577
2026-06-13 03:00:00+00:00,2026-06-13 13:00:00+10:00,579.1942817192463,4403.2,7602.285
2026-06-13 04:00:00+00:00,2026-06-13 14:00:00+10:00,701.1890514012586,5069.7551,7230.2257
2026-06-13 05:00:00+00:00,2026-06-13 15:00:00+10:00,782.8888982671091,5511.5005,7039.9523
2026-06-13 06:00:00+00:00,2026-06-13 16:00:00+10:00,740.5687047447924,5716.4916,7719.0564
2026-06-13 07:00:00+00:00,2026-06-13 17:00:00+10:00,690.918644934164,5830.5928,8438.8992
2026-06-13 08:00:00+00:00,2026-06-13 18:00:00+10:00,691.5041208530488,5810.9645,8403.3693
2026-06-13 09:00:00+00:00,2026-06-13 19:00:00+10:00,722.2908713946216,5814.988,8050.7566
2026-06-13 10:00:00+00:00,2026-06-13 20:00:00+10:00,775.6107436235902,5823.1291,7507.7984
2026-06-13 11:00:00+00:00,2026-06-13 21:00:00+10:00,837.2766961656622,5878.3745,7020.8266
2026-06-13 12:00:00+00:00,2026-06-13 22:00:00+10:00,870.4459839216009,5920.1634,6801.299
2026-06-13 13:00:00+00:00,2026-06-13 23:00:00+10:00,884.5508050555644,5926.3011,6699.786
2026-06-13 14:00:00+00:00,2026-06-14 00:00:00+10:00,909.8566608808692,5926.2793,6513.4208
2026-06-13 15:00:00+00:00,2026-06-14 01:00:00+10:00,925.5226466994028,5911.6107,6387.3215
2026-06-13 16:00:00+00:00,2026-06-14 02:00:00+10:00,941.7773570863368,5895.587,6260.0645
2026-06-13 17:00:00+00:00,2026-06-14 03:00:00+10:00,960.458840228643,5862.7564,6104.1204
2026-06-13 18:00:00+00:00,2026-06-14 04:00:00+10:00,981.3541815800484,5864.7457,5976.1764
2026-06-13 19:00:00+00:00,2026-06-14 05:00:00+10:00,1004.6250729982908,5862.3998,5835.4106
2026-06-13 20:00:00+00:00,2026-06-14 06:00:00+10:00,1001.8068078068254,5888.3896,5877.7696
2026-06-13 21:00:00+00:00,2026-06-14 07:00:00+10:00,955.818914405658,5928.584,6202.6226
2026-06-13 22:00:00+00:00,2026-06-14 08:00:00+10:00,889.1090334505794,5889.8001,6624.3845
2026-06-13 23:00:00+00:00,2026-06-14 09:00:00+10:00,836.2742747427092,5730.318,6852.1993
2026-06-14 00:00:00+00:00,2026-06-14 10:00:00+10:00,775.2222172278249,5625.8036,7257.0206
2026-06-14 01:00:00+00:00,2026-06-14 11:00:00+10:00,703.3427229414717,5243.7799,7455.5117
2026-06-14 02:00:00+00:00,2026-06-14 12:00:00+10:00,674.9282935870839,5089.5584,7540.8876
2026-06-14 03:00:00+00:00,2026-06-14 13:00:00+10:00,711.4029664757304,5080.0223,7140.8506
2026-06-14 04:00:00+00:00,2026-06-14 14:00:00+10:00,726.14970420669,4817.037,6633.6693
2026-06-14 05:00:00+00:00,2026-06-14 15:00:00+10:00,779.5201588196678,4918.4183,6309.546
2026-06-14 06:00:00+00:00,2026-06-14 16:00:00+10:00,805.5677196549176,5692.2244,7066.1029
2026-06-14 07:00:00+00:00,2026-06-14 17:00:00+10:00,747.2619242309182,5907.1904,7905.1136
2026-06-14 08:00:00+00:00,2026-06-14 18:00:00+10:00,741.5968402902317,5929.4893,7995.5698
2026-06-14 09:00:00+00:00,2026-06-14 19:00:00+10:00,782.9076875933723,5935.8571,7581.8097
2026-06-14 10:00:00+00:00,2026-06-14 20:00:00+10:00,811.1084031259237,5904.2971,7279.2947
2026-06-14 11:00:00+00:00,2026-06-14 21:00:00+10:00,789.9279406304751,5869.4045,7430.3037
2026-06-14 12:00:00+00:00,2026-06-14 22:00:00+10:00,800.3612115037345,5746.8625,7180.3361
2026-06-14 13:00:00+00:00,2026-06-14 23:00:00+10:00,859.7334615854036,5738.8824,6675.1879
2026-06-14 14:00:00+00:00,2026-06-15 00:00:00+10:00,943.4949712599732,5706.4978,6048.2546
2026-06-14 15:00:00+00:00,2026-06-15 01:00:00+10:00,1050.3255202652024,5681.02,5408.8184
2026-06-14 16:00:00+00:00,2026-06-15 02:00:00+10:00,1076.6447525194058,5708.6419,5302.2521
2026-06-14 17:00:00+00:00,2026-06-15 03:00:00+10:00,1066.951877995725,5703.8508,5345.9307
2026-06-14 18:00:00+00:00,2026-06-15 04:00:00+10:00,1014.1926393454352,5678.8442,5599.3743
2026-06-14 19:00:00+00:00,2026-06-15 05:00:00+10:00,976.3099079169366,5701.6277,5839.9773
2026-06-14 20:00:00+00:00,2026-06-15 06:00:00+10:00,878.5700733990105,5750.4982,6545.2926
2026-06-14 21:00:00+00:00,2026-06-15 07:00:00+10:00,728.876384844286,5702.2832,7823.3886
2026-06-14 22:00:00+00:00,2026-06-15 08:00:00+10:00,684.0382207610035,5673.7174,8294.445
2026-06-14 23:00:00+00:00,2026-06-15 09:00:00+10:00,648.2006780177426,5541.6266,8549.2453
2026-06-15 00:00:00+00:00,2026-06-15 10:00:00+10:00,671.8500357337813,5534.0446,8237.0236
2026-06-15 01:00:00+00:00,2026-06-15 11:00:00+10:00,673.7389027887278,5562.0726,8255.5313
2026-06-15 02:00:00+00:00,2026-06-15 12:00:00+10:00,653.8475417302785,5629.777,8610.2289
2026-06-15 03:00:00+00:00,2026-06-15 13:00:00+10:00,618.6597283383211,5536.7039,8949.514
2026-06-15 04:00:00+00:00,2026-06-15 14:00:00+10:00,626.7349933542821,5547.1136,8850.812
2026-06-15 05:00:00+00:00,2026-06-15 15:00:00+10:00,671.0624431834731,5651.6579,8421.9553
2026-06-15 06:00:00+00:00,2026-06-15 16:00:00+10:00,662.8949857015492,5772.3083,8707.7266
2026-06-15 07:00:00+00:00,2026-06-15 17:00:00+10:00,621.9966322785035,5794.0601,9315.2596
2026-06-15 08:00:00+00:00,2026-06-15 18:00:00+10:00,601.6039168327419,5718.3842,9505.231
2026-06-15 09:00:00+00:00,2026-06-15 19:00:00+10:00,622.9118335519689,5718.2134,9179.8118
2026-06-15 10:00:00+00:00,2026-06-15 20:00:00+10:00,663.8545692811068,5635.6122,8489.2271
2026-06-15 11:00:00+00:00,2026-06-15 21:00:00+10:00,705.8572204259738,5476.4915,7758.6392
2026-06-15 12:00:00+00:00,2026-06-15 22:00:00+10:00,722.8859124910429,5121.7544,7085.149
2026-06-15 13:00:00+00:00,2026-06-15 23:00:00+10:00,640.5815840511075,4443.4627,6936.607
2026-06-15 14:00:00+00:00,2026-06-16 00:00:00+10:00,577.9781766040459,4084.3774,7066.6637
2026-06-15 15:00:00+00:00,2026-06-16 01:00:00+10:00,590.9944874266378,4084.4707,6911.1824
2026-06-15 16:00:00+00:00,2026-06-16 02:00:00+10:00,621.2214025477667,4081.9593,6570.8607
2026-06-15 17:00:00+00:00,2026-06-16 03:00:00+10:00,646.8939483661206,4085.1184,6314.9739
2026-06-15 18:00:00+00:00,2026-06-16 04:00:00+10:00,647.6575512944726,4076.6892,6294.5135
2026-06-15 19:00:00+00:00,2026-06-16 05:00:00+10:00,644.2272449140561,4085.4668,6341.6548
2026-06-15 20:00:00+00:00,2026-06-16 06:00:00+10:00,610.807845166634,4103.7505,6718.5622
2026-06-15 21:00:00+00:00,2026-06-16 07:00:00+10:00,609.2211444866839,4531.4891,7438.1678
2026-06-15 22:00:00+00:00,2026-06-16 08:00:00+10:00,650.3449097541582,5045.2912,7757.8699
2026-06-15 23:00:00+00:00,2026-06-16 09:00:00+10:00,621.6901636934834,4647.8146,7476.0948
2026-06-16 00:00:00+00:00,2026-06-16 10:00:00+10:00,595.9944481245308,4485.6888,7526.3936
2026-06-16 01:00:00+00:00,2026-06-16 11:00:00+10:00,627.103207797529,4840.8151,7719.3276
2026-06-16 02:00:00+00:00,2026-06-16 12:00:00+10:00,604.0049022035138,4795.0232,7938.7157
2026-06-16 03:00:00+00:00,2026-06-16 13:00:00+10:00,641.9705121606389,4926.7064,7674.35
2026-06-16 04:00:00+00:00,2026-06-16 14:00:00+10:00,696.6437611947567,5103.2831,7325.5276
2026-06-16 05:00:00+00:00,2026-06-16 15:00:00+10:00,699.6401069988477,5436.5368,7770.4762
2026-06-16 06:00:00+00:00,2026-06-16 16:00:00+10:00,677.229214832848,5610.6018,8284.6423
2026-06-16 07:00:00+00:00,2026-06-16 17:00:00+10:00,647.1901798826545,5616.0621,8677.6071
2026-06-16 08:00:00+00:00,2026-06-16 18:00:00+10:00,656.6811682897842,5626.9013,8568.696
2026-06-16 09:00:00+00:00,2026-06-16 19:00:00+10:00,703.9342812652108,5634.4533,8004.232
2026-06-16 10:00:00+00:00,2026-06-16 20:00:00+10:00,743.5774724613298,5604.3243,7536.9743
2026-06-16 11:00:00+00:00,2026-06-16 21:00:00+10:00,743.476565432168,5405.95,7271.1774
2026-06-16 12:00:00+00:00,2026-06-16 22:00:00+10:00,725.1855995605213,4772.893,6581.6158
2026-06-16 13:00:00+00:00,2026-06-16 23:00:00+10:00,654.2276084893896,4269.6808,6526.2926
2026-06-16 14:00:00+00:00,2026-06-17 00:00:00+10:00,640.7072643837117,4167.1061,6503.9158
2026-06-16 15:00:00+00:00,2026-06-17 01:00:00+10:00,629.1435312882212,4060.3138,6453.7162
2026-06-16 16:00:00+00:00,2026-06-17 02:00:00+10:00,634.1438523570716,4040.2426,6371.1768
2026-06-16 17:00:00+00:00,2026-06-17 03:00:00+10:00,637.2238008598738,4024.8814,6316.276
2026-06-16 18:00:00+00:00,2026-06-17 04:00:00+10:00,657.0996173452355,4025.1122,6125.5738
2026-06-16 19:00:00+00:00,2026-06-17 05:00:00+10:00,653.6037087715572,4018.1005,6147.6097
2026-06-16 20:00:00+00:00,2026-06-17 06:00:00+10:00,620.4171680918267,4102.9636,6613.2335
2026-06-16 21:00:00+00:00,2026-06-17 07:00:00+10:00,645.3030503157869,4856.7186,7526.2601
2026-06-16 22:00:00+00:00,2026-06-17 08:00:00+10:00,703.90425959969,5309.054,7542.2956
2026-06-16 23:00:00+00:00,2026-06-17 09:00:00+10:00,664.1502025213676,4997.0636,7523.9962
2026-06-17 00:00:00+00:00,2026-06-17 10:00:00+10:00,626.2795347304286,4559.064,7279.5992
2026-06-17 01:00:00+00:00,2026-06-17 11:00:00+10:00,616.3824638995177,4755.0668,7714.4745
2026-06-17 02:00:00+00:00,2026-06-17 12:00:00+10:00,621.8960092862285,4613.4093,7418.297
2026-06-17 03:00:00+00:00,2026-06-17 13:00:00+10:00,657.9629390696684,4848.6497,7369.1836
2026-06-17 04:00:00+00:00,2026-06-17 14:00:00+10:00,695.3461516251506,5191.0656,7465.4409
2026-06-17 05:00:00+00:00,2026-06-17 15:00:00+10:00,719.3681118433148,5366.8622,7460.5228
2026-06-17 06:00:00+00:00,2026-06-17 16:00:00+10:00,685.5441051447704,5308.0431,7742.8178
2026-06-17 07:00:00+00:00,2026-06-17 17:00:00+10:00,658.6125976456724,5313.7604,8068.1123
2026-06-17 08:00:00+00:00,2026-06-17 18:00:00+10:00,651.5718825441124,5362.4435,8230.0106
2026-06-17 09:00:00+00:00,2026-06-17 19:00:00+10:00,645.5851918676035,5110.858,7916.6283
2026-06-17 10:00:00+00:00,2026-06-17 20:00:00+10:00,647.4050426353626,4822.9861,7449.7197
2026-06-17 11:00:00+00:00,2026-06-17 21:00:00+10:00,625.3472990107198,4475.959,7157.5571
2026-06-17 12:00:00+00:00,2026-06-17 22:00:00+10:00,590.1639406476852,4043.1902,6850.9611
2026-06-17 13:00:00+00:00,2026-06-17 23:00:00+10:00,569.3763292757548,3785.6046,6648.6863
2026-06-17 14:00:00+00:00,2026-06-18 00:00:00+10:00,598.556383141736,3745.6687,6257.8377
2026-06-17 15:00:00+00:00,2026-06-18 01:00:00+10:00,563.7280201465331,3401.4179,6033.7925
2026-06-17 16:00:00+00:00,2026-06-18 02:00:00+10:00,549.1065627441659,3276.1654,5966.3563
2026-06-17 17:00:00+00:00,2026-06-18 03:00:00+10:00,554.802603248776,3266.8293,5888.2732
2026-06-17 18:00:00+00:00,2026-06-18 04:00:00+10:00,549.8638973836062,3277.7884,5961.0904
2026-06-17 19:00:00+00:00,2026-06-18 05:00:00+10:00,557.3300023323854,3277.4765,5880.6748
2026-06-17 20:00:00+00:00,2026-06-18 06:00:00+10:00,536.0049427297695,3274.1141,6108.3655
2026-06-17 21:00:00+00:00,2026-06-18 07:00:00+10:00,516.6111308563669,3543.016,6858.1875
2026-06-17 22:00:00+00:00,2026-06-18 08:00:00+10:00,487.7549495465321,3539.9053,7257.5487
2026-06-17 23:00:00+00:00,2026-06-18 09:00:00+10:00,479.2004768525752,3488.4521,7279.7342
2026-06-18 00:00:00+00:00,2026-06-18 10:00:00+10:00,507.3845069474405,3736.1968,7363.6399
2026-06-18 01:00:00+00:00,2026-06-18 11:00:00+10:00,503.6889663970212,3761.0029,7466.9154
2026-06-18 02:00:00+00:00,2026-06-18 12:00:00+10:00,484.3544561472778,3597.2385,7426.8719
2026-06-18 03:00:00+00:00,2026-06-18 13:00:00+10:00,467.5338409275146,3455.504,7390.9174
2026-06-18 04:00:00+00:00,2026-06-18 14:00:00+10:00,496.7824323987311,3687.1753,7422.1129
2026-06-18 05:00:00+00:00,2026-06-18 15:00:00+10:00,525.9185901953742,3889.7823,7396.1681
2026-06-18 06:00:00+00:00,2026-06-18 16:00:00+10:00,542.6014360922271,4031.7685,7430.442
2026-06-18 07:00:00+00:00,2026-06-18 17:00:00+10:00,546.7187649211803,4395.1365,8039.1177
2026-06-18 08:00:00+00:00,2026-06-18 18:00:00+10:00,546.5153008864943,4675.5747,8555.2494
2026-06-18 09:00:00+00:00,2026-06-18 19:00:00+10:00,550.1154684843544,4557.2236,8284.1219
2026-06-18 10:00:00+00:00,2026-06-18 20:00:00+10:00,560.1749089000197,4390.0874,7836.994
2026-06-18 11:00:00+00:00,2026-06-18 21:00:00+10:00,551.4644450070504,4193.2811,7603.9011
2026-06-18 12:00:00+00:00,2026-06-18 22:00:00+10:00,596.3422575260314,4191.4302,7028.5648
2026-06-18 13:00:00+00:00,2026-06-18 23:00:00+10:00,601.9398571393252,4051.2729,6730.3616
2026-06-18 14:00:00+00:00,2026-06-19 00:00:00+10:00,602.1415594193473,3890.4604,6461.0395
2026-06-18 15:00:00+00:00,2026-06-19 01:00:00+10:00,583.3236618354152,3579.6171,6136.5882
2026-06-18 16:00:00+00:00,2026-06-19 02:00:00+10:00,614.6254674670008,3577.685,5820.9189
2026-06-18 17:00:00+00:00,2026-06-19 03:00:00+10:00,610.3202086975945,3523.7201,5773.5596
2026-06-18 18:00:00+00:00,2026-06-19 04:00:00+10:00,592.7223957722548,3479.8883,5871.0255
2026-06-18 19:00:00+00:00,2026-06-19 05:00:00+10:00,566.7849073941464,3503.9721,6182.1902
2026-06-18 20:00:00+00:00,2026-06-19 06:00:00+10:00,527.8373630202594,3542.9917,6712.2791
2026-06-18 21:00:00+00:00,2026-06-19 07:00:00+10:00,542.7906003146389,4177.1768,7695.7427
2026-06-18 22:00:00+00:00,2026-06-19 08:00:00+10:00,565.1259402569169,4624.4497,8183.0427
2026-06-18 23:00:00+00:00,2026-06-19 09:00:00+10:00,531.8105160735208,4339.0236,8158.9654
2026-06-19 00:00:00+00:00,2026-06-19 10:00:00+10:00,470.2989563201677,3742.6778,7958.0823
2026-06-19 01:00:00+00:00,2026-06-19 11:00:00+10:00,474.5642685562651,3845.8088,8103.8735
2026-06-19 02:00:00+00:00,2026-06-19 12:00:00+10:00,486.78414637502783,3887.5095,7986.1054
2026-06-19 03:00:00+00:00,2026-06-19 13:00:00+10:00,579.0797381514601,4578.3226,7906.2041
2026-06-19 04:00:00+00:00,2026-06-19 14:00:00+10:00,643.094846359935,4939.7838,7681.2679
2026-06-19 05:00:00+00:00,2026-06-19 15:00:00+10:00,715.8689423115648,5236.6917,7315.1542
2026-06-19 06:00:00+00:00,2026-06-19 16:00:00+10:00,674.4404435124109,5354.0344,7938.4836
2026-06-19 07:00:00+00:00,2026-06-19 17:00:00+10:00,645.1861571911343,5366.3898,8317.5836
2026-06-19 08:00:00+00:00,2026-06-19 18:00:00+10:00,651.5924691343153,5392.7554,8276.2703
2026-06-19 09:00:00+00:00,2026-06-19 19:00:00+10:00,664.599313752905,5361.579,8067.3857
2026-06-19 10:00:00+00:00,2026-06-19 20:00:00+10:00,660.6062919508109,5363.1592,8118.5409
2026-06-19 11:00:00+00:00,2026-06-19 21:00:00+10:00,674.3108400119474,5243.2742,7775.7525
2026-06-19 12:00:00+00:00,2026-06-19 22:00:00+10:00,686.3375606847968,5098.662,7428.7964
2026-06-19 13:00:00+00:00,2026-06-19 23:00:00+10:00,720.4711912286305,4991.1051,6927.5568
2026-06-19 14:00:00+00:00,2026-06-20 00:00:00+10:00,746.4671400793537,4985.5016,6678.7958
2026-06-19 15:00:00+00:00,2026-06-20 01:00:00+10:00,766.4643927323702,4963.3228,6475.6078
2026-06-19 16:00:00+00:00,2026-06-20 02:00:00+10:00,759.6889226302768,4949.908,6515.7038
2026-06-19 17:00:00+00:00,2026-06-20 03:00:00+10:00,736.6794521464521,4967.7086,6743.3788
2026-06-19 18:00:00+00:00,2026-06-20 04:00:00+10:00,762.0969994657344,4951.7376,6497.5162
2026-06-19 19:00:00+00:00,2026-06-20 05:00:00+10:00,771.1588740069465,5012.9033,6500.4806
2026-06-19 20:00:00+00:00,2026-06-20 06:00:00+10:00,755.6348726424814,5055.9787,6691.0341
2026-06-19 21:00:00+00:00,2026-06-20 07:00:00+10:00,826.5733613621527,5139.2636,6217.5529
2026-06-19 22:00:00+00:00,2026-06-20 08:00:00+10:00,828.5001602167064,5145.5251,6210.6507
2026-06-19 23:00:00+00:00,2026-06-20 09:00:00+10:00,784.7312506421207,5161.0518,6576.8399
2026-06-20 00:00:00+00:00,2026-06-20 10:00:00+10:00,754.4967541342315,5146.492,6821.0923
2026-06-20 01:00:00+00:00,2026-06-20 11:00:00+10:00,731.2764945062304,5155.1365,7049.5039
2026-06-20 02:00:00+00:00,2026-06-20 12:00:00+10:00,708.8203086673308,5045.5849,7118.2849
2026-06-20 03:00:00+00:00,2026-06-20 13:00:00+10:00,684.8563233467291,5051.6242,7376.181
2026-06-20 04:00:00+00:00,2026-06-20 14:00:00+10:00,683.5708336682087,5030.0285,7358.4598
2026-06-20 05:00:00+00:00,2026-06-20 15:00:00+10:00,712.7406923420824,5097.7535,7152.3256
2026-06-20 06:00:00+00:00,2026-06-20 16:00:00+10:00,736.2975496480288,5417.1035,7357.2206
2026-06-20 07:00:00+00:00,2026-06-20 17:00:00+10:00,706.717369300606,5459.1615,7724.6743
2026-06-20 08:00:00+00:00,2026-06-20 18:00:00+10:00,723.1385101185904,5470.4366,7564.8531
2026-06-20 09:00:00+00:00,2026-06-20 19:00:00+10:00,720.3885965061792,5477.6424,7603.7328
2026-06-20 10:00:00+00:00,2026-06-20 20:00:00+10:00,739.7463182651767,5483.4983,7412.674
2026-06-20 11:00:00+00:00,2026-06-20 21:00:00+10:00,790.7295876472848,5476.9193,6926.4125
2026-06-20 12:00:00+00:00,2026-06-20 22:00:00+10:00,833.8819651846829,5479.854,6571.4984
2026-06-20 13:00:00+00:00,2026-06-20 23:00:00+10:00,844.8686367520014,5444.3607,6444.0322
2026-06-20 14:00:00+00:00,2026-06-21 00:00:00+10:00,854.3135107919974,5317.1411,6223.8757
2026-06-20 15:00:00+00:00,2026-06-21 01:00:00+10:00,865.0077069590076,5319.8762,6150.0911
2026-06-20 16:00:00+00:00,2026-06-21 02:00:00+10:00,863.2871556053263,5325.156,6168.4643
2026-06-20 17:00:00+00:00,2026-06-21 03:00:00+10:00,865.8348520707677,5314.4409,6137.9383
2026-06-20 18:00:00+00:00,2026-06-21 04:00:00+10:00,865.3757008228173,5291.3013,6114.4556
2026-06-20 19:00:00+00:00,2026-06-21 05:00:00+10:00,869.1039586140697,5273.1805,6067.376
2026-06-20 20:00:00+00:00,2026-06-21 06:00:00+10:00,862.6730648364949,5265.375,6103.5579
2026-06-20 21:00:00+00:00,2026-06-21 07:00:00+10:00,834.3094290600802,5214.4069,6249.9676
2026-06-20 22:00:00+00:00,2026-06-21 08:00:00+10:00,847.6596959686476,5194.146,6127.6312
2026-06-20 23:00:00+00:00,2026-06-21 09:00:00+10:00,808.1700804604448,5182.9069,6413.1388
2026-06-21 00:00:00+00:00,2026-06-21 10:00:00+10:00,747.8523163324913,5123.2121,6850.5666
2026-06-21 01:00:00+00:00,2026-06-21 11:00:00+10:00,715.2063891994576,5125.791,7166.8697
2026-06-21 02:00:00+00:00,2026-06-21 12:00:00+10:00,713.5423662766059,5087.8863,7130.4614
2026-06-21 03:00:00+00:00,2026-06-21 13:00:00+10:00,741.9166052392421,5117.0196,6897.028
2026-06-21 04:00:00+00:00,2026-06-21 14:00:00+10:00,764.8257230576787,5158.0233,6744.0505
2026-06-21 05:00:00+00:00,2026-06-21 15:00:00+10:00,795.0681771728126,5245.446,6597.4795
2026-06-21 06:00:00+00:00,2026-06-21 16:00:00+10:00,811.4428712177651,5407.321,6663.8345
2026-06-21 07:00:00+00:00,2026-06-21 17:00:00+10:00,779.0840937526596,5496.3102,7054.8356
2026-06-21 08:00:00+00:00,2026-06-21 18:00:00+10:00,754.3010269636388,5502.303,7294.5718
2026-06-21 09:00:00+00:00,2026-06-21 19:00:00+10:00,748.7593096575088,5473.7043,7310.3656
2026-06-21 10:00:00+00:00,2026-06-21 20:00:00+10:00,801.2628906847578,5505.8568,6871.4736
2026-06-21 11:00:00+00:00,2026-06-21 21:00:00+10:00,806.8397856231087,5505.5589,6823.6086
2026-06-21 12:00:00+00:00,2026-06-21 22:00:00+10:00,849.4805408837466,5508.5749,6484.6393
2026-06-21 13:00:00+00:00,2026-06-21 23:00:00+10:00,903.2860245279052,5468.2675,6053.7497
2026-06-21 14:00:00+00:00,2026-06-22 00:00:00+10:00,916.1368388853508,5480.7978,5982.51
2026-06-21 15:00:00+00:00,2026-06-22 01:00:00+10:00,939.8685903539985,5484.3243,5835.2033
2026-06-21 16:00:00+00:00,2026-06-22 02:00:00+10:00,987.0159569853004,5484.3363,5556.4819
2026-06-21 17:00:00+00:00,2026-06-22 03:00:00+10:00,1037.756029672491,5485.1311,5285.569
2026-06-21 18:00:00+00:00,2026-06-22 04:00:00+10:00,1027.5320677770976,5476.6257,5329.883
2026-06-21 19:00:00+00:00,2026-06-22 05:00:00+10:00,989.3782175910624,5512.7063,5571.8897
2026-06-21 20:00:00+00:00,2026-06-22 06:00:00+10:00,874.0548629041729,5548.8075,6348.3515
2026-06-21 21:00:00+00:00,2026-06-22 07:00:00+10:00,712.9130030152903,5605.1081,7862.261
2026-06-21 22:00:00+00:00,2026-06-22 08:00:00+10:00,617.2044997844365,5729.8634,9283.5736
2026-06-21 23:00:00+00:00,2026-06-22 09:00:00+10:00,656.1377515819112,5775.1348,8801.7109
2026-06-22 00:00:00+00:00,2026-06-22 10:00:00+10:00,705.6235515196851,5754.3384,8154.9693
2026-06-22 01:00:00+00:00,2026-06-22 11:00:00+10:00,704.4938609635345,5755.4477,8169.6208
2026-06-22 02:00:00+00:00,2026-06-22 12:00:00+10:00,672.2561501730104,5790.8292,8614.0219
2026-06-22 03:00:00+00:00,2026-06-22 13:00:00+10:00,689.7386585420135,5744.4849,8328.4949
2026-06-22 04:00:00+00:00,2026-06-22 14:00:00+10:00,695.5792633137172,5605.1797,8058.2904
2026-06-22 05:00:00+00:00,2026-06-22 15:00:00+10:00,725.2630111364805,5655.0816,7797.2839
2026-06-22 06:00:00+00:00,2026-06-22 16:00:00+10:00,758.8342801777139,5710.719,7525.6471
2026-06-22 07:00:00+00:00,2026-06-22 17:00:00+10:00,721.5692423620932,5838.7336,8091.7163
2026-06-22 08:00:00+00:00,2026-06-22 18:00:00+10:00,678.2753882448494,5833.6257,8600.6743
2026-06-22 09:00:00+00:00,2026-06-22 19:00:00+10:00,703.1426939162366,5804.412,8254.956
2026-06-22 10:00:00+00:00,2026-06-22 20:00:00+10:00,731.1272932484684,5714.1984,7815.5999
2026-06-22 11:00:00+00:00,2026-06-22 21:00:00+10:00,769.0304441745345,5591.229,7270.4911
2026-06-22 12:00:00+00:00,2026-06-22 22:00:00+10:00,811.5251315968673,5489.2102,6764.0668
2026-06-22 13:00:00+00:00,2026-06-22 23:00:00+10:00,837.6918371879268,5437.6534,6491.2336
2026-06-22 14:00:00+00:00,2026-06-23 00:00:00+10:00,818.8644669887152,5436.9145,6639.578
2026-06-22 15:00:00+00:00,2026-06-23 01:00:00+10:00,818.4709575616963,5443.412,6650.7088
2026-06-22 16:00:00+00:00,2026-06-23 02:00:00+10:00,816.7367623223034,5356.8513,6558.8468
2026-06-22 17:00:00+00:00,2026-06-23 03:00:00+10:00,825.7749371822845,5316.3331,6437.9928
2026-06-22 18:00:00+00:00,2026-06-23 04:00:00+10:00,807.0370169450507,5239.5763,6492.3618
2026-06-22 19:00:00+00:00,2026-06-23 05:00:00+10:00,798.3186677867973,5269.7139,6601.0155
2026-06-22 20:00:00+00:00,2026-06-23 06:00:00+10:00,765.614315080111,5448.4821,7116.4841
2026-06-22 21:00:00+00:00,2026-06-23 07:00:00+10:00,604.5645360293735,5521.2485,9132.604
2026-06-22 22:00:00+00:00,2026-06-23 08:00:00+10:00,591.6472628155743,5598.7232,9462.9411
2026-06-22 23:00:00+00:00,2026-06-23 09:00:00+10:00,662.8358161069873,5569.9125,8403.1556
2026-06-23 00:00:00+00:00,2026-06-23 10:00:00+10:00,642.5891340760546,5379.8807,8372.1937
2026-06-23 01:00:00+00:00,2026-06-23 11:00:00+10:00,621.3656650952605,5368.8039,8640.3292
2026-06-23 02:00:00+00:00,2026-06-23 12:00:00+10:00,620.1140095551268,5381.1812,8677.7288
2026-06-23 03:00:00+00:00,2026-06-23 13:00:00+10:00,641.3749687624418,5382.5093,8392.1412
2026-06-23 04:00:00+00:00,2026-06-23 14:00:00+10:00,654.2870228164643,5396.3214,8247.6363
2026-06-23 05:00:00+00:00,2026-06-23 15:00:00+10:00,665.6695513548486,5420.2512,8142.5554
2026-06-23 06:00:00+00:00,2026-06-23 16:00:00+10:00,664.9691815417666,5411.0097,8137.2338
2026-06-23 07:00:00+00:00,2026-06-23 17:00:00+10:00,592.4879408986237,5368.0042,9060.1071
2026-06-23 08:00:00+00:00,2026-06-23 18:00:00+10:00,623.8042118546127,5397.5471,8652.6301
2026-06-23 09:00:00+00:00,2026-06-23 19:00:00+10:00,682.8910853032347,5374.6766,7870.4741
2026-06-23 10:00:00+00:00,2026-06-23 20:00:00+10:00,706.8134118361767,5404.5768,7646.3982
2026-06-23 11:00:00+00:00,2026-06-23 21:00:00+10:00,742.1351378251592,5376.7595,7244.9871
2026-06-23 12:00:00+00:00,2026-06-23 22:00:00+10:00,794.3630732991276,5313.094,6688.4957
2026-06-23 13:00:00+00:00,2026-06-23 23:00:00+10:00,804.2548200085298,5271.2845,6554.2467
2026-06-23 14:00:00+00:00,2026-06-24 00:00:00+10:00,796.0051202614939,5312.7519,6674.2685
2026-06-23 15:00:00+00:00,2026-06-24 01:00:00+10:00,787.5456121568358,5283.0701,6708.2719
2026-06-23 16:00:00+00:00,2026-06-24 02:00:00+10:00,828.1183957306529,5267.8091,6361.1787
2026-06-23 17:00:00+00:00,2026-06-24 03:00:00+10:00,843.247004011923,5240.1283,6214.227
2026-06-23 18:00:00+00:00,2026-06-24 04:00:00+10:00,874.8247976484442,5169.6733,5909.3813
2026-06-23 19:00:00+00:00,2026-06-24 05:00:00+10:00,839.68988537359,5195.8675,6187.841
2026-06-23 20:00:00+00:00,2026-06-24 06:00:00+10:00,761.9020033676109,5334.564,7001.6406
2026-06-23 21:00:00+00:00,2026-06-24 07:00:00+10:00,636.5250459156329,5188.4082,8151.1454
2026-06-23 22:00:00+00:00,2026-06-24 08:00:00+10:00,634.6196670642036,5240.5409,8257.7663
2026-06-23 23:00:00+00:00,2026-06-24 09:00:00+10:00,642.3362263993042,5245.3746,8166.0887
2026-06-24 00:00:00+00:00,2026-06-24 10:00:00+10:00,703.3558015634102,5183.2046,7369.2498
2026-06-24 01:00:00+00:00,2026-06-24 11:00:00+10:00,694.1189687778024,5076.7894,7314.0047
2026-06-24 02:00:00+00:00,2026-06-24 12:00:00+10:00,642.2681267882796,4996.6879,7779.7538
2026-06-24 03:00:00+00:00,2026-06-24 13:00:00+10:00,640.2416433737424,5003.3958,7814.8553
2026-06-24 04:00:00+00:00,2026-06-24 14:00:00+10:00,655.6923908434649,5023.9429,7662.0424
2026-06-24 05:00:00+00:00,2026-06-24 15:00:00+10:00,713.2808628284572,5047.8647,7076.9664
2026-06-24 06:00:00+00:00,2026-06-24 16:00:00+10:00,787.4021418113576,5258.4567,6678.2352
2026-06-24 07:00:00+00:00,2026-06-24 17:00:00+10:00,687.891375479012,5419.9886,7879.1344
2026-06-24 08:00:00+00:00,2026-06-24 18:00:00+10:00,678.5583862224191,5578.0713,8220.4736
2026-06-24 09:00:00+00:00,2026-06-24 19:00:00+10:00,717.4643519030585,5734.1846,7992.292
2026-06-24 10:00:00+00:00,2026-06-24 20:00:00+10:00,763.630150327145,5660.8811,7413.1189
2026-06-24 11:00:00+00:00,2026-06-24 21:00:00+10:00,829.691306756115,5509.3918,6640.2911
2026-06-24 12:00:00+00:00,2026-06-24 22:00:00+10:00,916.003297402408,5479.6814,5982.1634
2026-06-24 13:00:00+00:00,2026-06-24 23:00:00+10:00,970.1903200108882,5404.6918,5570.7542
2026-06-24 14:00:00+00:00,2026-06-25 00:00:00+10:00,981.1892140889056,5348.9426,5451.4894
2026-06-24 15:00:00+00:00,2026-06-25 01:00:00+10:00,974.4981881767948,5110.3487,5244.0823
2026-06-24 16:00:00+00:00,2026-06-25 02:00:00+10:00,975.6110705719412,4779.084,4898.5545
2026-06-24 17:00:00+00:00,2026-06-25 03:00:00+10:00,985.4730230907288,4785.5859,4856.1308
2026-06-24 18:00:00+00:00,2026-06-25 04:00:00+10:00,977.6261614968172,4784.9103,4894.4172
2026-06-24 19:00:00+00:00,2026-06-25 05:00:00+10:00,924.1330524695442,4839.2779,5236.5597
2026-06-24 20:00:00+00:00,2026-06-25 06:00:00+10:00,844.815838446354,4924.5476,5829.1374
2026-06-24 21:00:00+00:00,2026-06-25 07:00:00+10:00,725.6870771615248,4951.0593,6822.5816
2026-06-24 22:00:00+00:00,2026-06-25 08:00:00+10:00,666.5935940771603,5056.8216,7586.0639
2026-06-24 23:00:00+00:00,2026-06-25 09:00:00+10:00,669.7917131490065,5109.4024,7628.3452
2026-06-25 00:00:00+00:00,2026-06-25 10:00:00+10:00,663.234617730199,5036.5883,7593.9768
2026-06-25 01:00:00+00:00,2026-06-25 11:00:00+10:00,664.9575376920585,4952.4899,7447.8288
2026-06-25 02:00:00+00:00,2026-06-25 12:00:00+10:00,641.7249387579053,4905.4809,7644.2111
2026-06-25 03:00:00+00:00,2026-06-25 13:00:00+10:00,623.0924308456758,4786.7851,7682.3034
2026-06-25 04:00:00+00:00,2026-06-25 14:00:00+10:00,647.1280575431837,4770.912,7372.4388
2026-06-25 05:00:00+00:00,2026-06-25 15:00:00+10:00,679.570120557527,4836.3488,7116.7767
2026-06-25 06:00:00+00:00,2026-06-25 16:00:00+10:00,753.5177733431299,5002.1392,6638.3825
2026-06-25 07:00:00+00:00,2026-06-25 17:00:00+10:00,681.0547524505391,5104.2228,7494.5851
2026-06-25 08:00:00+00:00,2026-06-25 18:00:00+10:00,712.2875881487477,5119.3317,7187.1696
2026-06-25 09:00:00+00:00,2026-06-25 19:00:00+10:00,708.3879557643711,5101.2816,7201.254
2026-06-25 10:00:00+00:00,2026-06-25 20:00:00+10:00,718.8513035919716,5064.0232,7044.6046
2026-06-25 11:00:00+00:00,2026-06-25 21:00:00+10:00,768.8805014090084,5038.4291,6552.9417
2026-06-25 12:00:00+00:00,2026-06-25 22:00:00+10:00,812.3445828252208,4976.1061,6125.61
2026-06-25 13:00:00+00:00,2026-06-25 23:00:00+10:00,888.6246286574415,4865.3981,5475.2006
2026-06-25 14:00:00+00:00,2026-06-26 00:00:00+10:00,954.3461943991103,4779.8913,5008.5507
2026-06-25 15:00:00+00:00,2026-06-26 01:00:00+10:00,990.3714928687652,4798.2967,4844.9463
2026-06-25 16:00:00+00:00,2026-06-26 02:00:00+10:00,1033.146845046267,4903.5915,4746.2677
2026-06-25 17:00:00+00:00,2026-06-26 03:00:00+10:00,1065.8256542144152,5082.0248,4768.1577
2026-06-25 18:00:00+00:00,2026-06-26 04:00:00+10:00,1038.8986478581626,5149.5616,4956.7507
2026-06-25 19:00:00+00:00,2026-06-26 05:00:00+10:00,981.2072584753492,5156.4918,5255.2524
2026-06-25 20:00:00+00:00,2026-06-26 06:00:00+10:00,906.3476597189716,5233.109,5773.8429
2026-06-25 21:00:00+00:00,2026-06-26 07:00:00+10:00,732.8687883210225,5239.3963,7149.1601
2026-06-25 22:00:00+00:00,2026-06-26 08:00:00+10:00,673.5691968993925,5241.9051,7782.2815
2026-06-25 23:00:00+00:00,2026-06-26 09:00:00+10:00,650.5698809594207,5256.5725,8079.9506
2026-06-26 00:00:00+00:00,2026-06-26 10:00:00+10:00,696.7917851487946,5279.3125,7576.5998
2026-06-26 01:00:00+00:00,2026-06-26 11:00:00+10:00,693.3409876404196,5256.0397,7580.7428
2026-06-26 02:00:00+00:00,2026-06-26 12:00:00+10:00,678.4338908478679,5242.9789,7728.0616
2026-06-26 03:00:00+00:00,2026-06-26 13:00:00+10:00,684.5154345304403,5213.9976,7617.0636
2026-06-26 04:00:00+00:00,2026-06-26 14:00:00+10:00,701.7617790478938,5126.0886,7304.5993
2026-06-26 05:00:00+00:00,2026-06-26 15:00:00+10:00,749.927332632465,5266.8127,7023.0974
2026-06-26 06:00:00+00:00,2026-06-26 16:00:00+10:00,749.9653418872317,5431.3777,7242.1716
2026-06-26 07:00:00+00:00,2026-06-26 17:00:00+10:00,693.1447929566938,5450.7331,7863.7727
2026-06-26 08:00:00+00:00,2026-06-26 18:00:00+10:00,688.3216067322874,5456.3293,7927.0057
2026-06-26 09:00:00+00:00,2026-06-26 19:00:00+10:00,683.6058397660474,5463.3158,7991.9092
2026-06-26 10:00:00+00:00,2026-06-26 20:00:00+10:00,739.621773784084,5463.5214,7386.9126
2026-06-26 11:00:00+00:00,2026-06-26 21:00:00+10:00,840.6311852562395,5458.5674,6493.4153
2026-06-26 12:00:00+00:00,2026-06-26 22:00:00+10:00,900.7030393640821,5458.1726,6059.9025
2026-06-26 13:00:00+00:00,2026-06-26 23:00:00+10:00,933.130517322648,5375.5669,5760.7878
2026-06-26 14:00:00+00:00,2026-06-27 00:00:00+10:00,994.8749726751142,5337.1215,5364.6153
2026-06-26 15:00:00+00:00,2026-06-27 01:00:00+10:00,988.3431760383976,5338.4649,5401.4284
2026-06-26 16:00:00+00:00,2026-06-27 02:00:00+10:00,1011.3215764353504,5345.591,5285.748
2026-06-26 17:00:00+00:00,2026-06-27 03:00:00+10:00,1041.1292505736835,5344.2647,5133.1424
2026-06-26 18:00:00+00:00,2026-06-27 04:00:00+10:00,1007.365097369266,5342.9446,5303.881
2026-06-26 19:00:00+00:00,2026-06-27 05:00:00+10:00,980.8286274473176,5334.5225,5438.7916
2026-06-26 20:00:00+00:00,2026-06-27 06:00:00+10:00,964.0824492855428,5326.7765,5525.2292
2026-06-26 21:00:00+00:00,2026-06-27 07:00:00+10:00,841.6214489706085,5340.2969,6345.2481
2026-06-26 22:00:00+00:00,2026-06-27 08:00:00+10:00,758.3791189055437,5347.0015,7050.5653
2026-06-26 23:00:00+00:00,2026-06-27 09:00:00+10:00,749.7309849198559,5341.3248,7124.3218
2026-06-27 00:00:00+00:00,2026-06-27 10:00:00+10:00,742.2462061084254,5321.0244,7168.8132
2026-06-27 01:00:00+00:00,2026-06-27 11:00:00+10:00,725.4410372705551,5324.8506,7340.1563
2026-06-27 02:00:00+00:00,2026-06-27 12:00:00+10:00,700.0818873922909,5245.8655,7493.217
2026-06-27 03:00:00+00:00,2026-06-27 13:00:00+10:00,673.4668863802146,5267.7373,7821.8208
2026-06-27 04:00:00+00:00,2026-06-27 14:00:00+10:00,663.6944050366163,5258.9579,7923.7641
2026-06-27 05:00:00+00:00,2026-06-27 15:00:00+10:00,711.5176530290436,5310.0016,7462.9232
2026-06-27 06:00:00+00:00,2026-06-27 16:00:00+10:00,771.4902904206606,5367.0201,6956.6917
2026-06-27 07:00:00+00:00,2026-06-27 17:00:00+10:00,728.8726172181464,5416.9439,7431.9487
2026-06-27 08:00:00+00:00,2026-06-27 18:00:00+10:00,669.8818521461905,5403.2977,8066.0458
2026-06-27 09:00:00+00:00,2026-06-27 19:00:00+10:00,715.5189527120981,5347.4349,7473.5056
2026-06-27 10:00:00+00:00,2026-06-27 20:00:00+10:00,732.4603827309163,5331.6512,7279.0984
2026-06-27 11:00:00+00:00,2026-06-27 21:00:00+10:00,742.8474311524003,5363.6911,7220.4478
2026-06-27 12:00:00+00:00,2026-06-27 22:00:00+10:00,762.1526795715799,5371.8866,7048.3077
2026-06-27 13:00:00+00:00,2026-06-27 23:00:00+10:00,824.5462718407167,5360.045,6500.5994
2026-06-27 14:00:00+00:00,2026-06-28 00:00:00+10:00,855.0576167955412,5266.2725,6158.968
2026-06-27 15:00:00+00:00,2026-06-28 01:00:00+10:00,915.5376319621166,5219.0393,5700.5186
2026-06-27 16:00:00+00:00,2026-06-28 02:00:00+10:00,955.5118375484302,5204.9453,5447.285
2026-06-27 17:00:00+00:00,2026-06-28 03:00:00+10:00,953.429821643261,5190.6265,5444.1621
2026-06-27 18:00:00+00:00,2026-06-28 04:00:00+10:00,968.4372008047004,5087.9559,5253.7799
2026-06-27 19:00:00+00:00,2026-06-28 05:00:00+10:00,973.888521650648,5046.7619,5182.0735
2026-06-27 20:00:00+00:00,2026-06-28 06:00:00+10:00,941.517928509219,5042.1007,5355.2891
2026-06-27 21:00:00+00:00,2026-06-28 07:00:00+10:00,876.9652427481841,5044.2533,5751.9421
2026-06-27 22:00:00+00:00,2026-06-28 08:00:00+10:00,778.6413132082898,5047.7411,6482.7553
2026-06-27 23:00:00+00:00,2026-06-28 09:00:00+10:00,737.9905098945355,5042.651,6832.9483
2026-06-28 00:00:00+00:00,2026-06-28 10:00:00+10:00,710.6068488784931,5047.1599,7102.6052
2026-06-28 01:00:00+00:00,2026-06-28 11:00:00+10:00,665.826819919478,5031.7945,7557.2121
2026-06-28 02:00:00+00:00,2026-06-28 12:00:00+10:00,625.6849378400203,5024.3292,8030.1265
2026-06-28 03:00:00+00:00,2026-06-28 13:00:00+10:00,624.5283308596935,5030.9962,8055.6733
2026-06-28 04:00:00+00:00,2026-06-28 14:00:00+10:00,667.6204237348093,5005.0686,7496.8776
2026-06-28 05:00:00+00:00,2026-06-28 15:00:00+10:00,718.6813020508795,5024.3155,6991.0202
2026-06-28 06:00:00+00:00,2026-06-28 16:00:00+10:00,733.1191145630614,5049.637,6887.8807
2026-06-28 07:00:00+00:00,2026-06-28 17:00:00+10:00,692.7055377857804,5172.0762,7466.486
2026-06-28 08:00:00+00:00,2026-06-28 18:00:00+10:00,664.5207877662971,5187.3946,7806.2187
2026-06-28 09:00:00+00:00,2026-06-28 19:00:00+10:00,659.4203085320653,5168.0612,7837.2794
2026-06-28 10:00:00+00:00,2026-06-28 20:00:00+10:00,699.1304548013231,5199.0974,7436.5197
2026-06-28 11:00:00+00:00,2026-06-28 21:00:00+10:00,721.626574813651,5098.3738,7065.1137
2026-06-28 12:00:00+00:00,2026-06-28 22:00:00+10:00,750.8344960497237,5057.3149,6735.5921
2026-06-28 13:00:00+00:00,2026-06-28 23:00:00+10:00,787.6025935167304,5067.5181,6434.1054
2026-06-28 14:00:00+00:00,2026-06-29 00:00:00+10:00,757.8500306946239,4953.8001,6536.6496
2026-06-28 15:00:00+00:00,2026-06-29 01:00:00+10:00,730.6726449202982,4837.2111,6620.2165
2026-06-28 16:00:00+00:00,2026-06-29 02:00:00+10:00,701.8102348591278,4710.9045,6712.5047
2026-06-28 17:00:00+00:00,2026-06-29 03:00:00+10:00,654.41702617116,4186.0929,6396.6748
2026-06-28 18:00:00+00:00,2026-06-29 04:00:00+10:00,635.5859126844757,3895.3907,6128.8185
2026-06-28 19:00:00+00:00,2026-06-29 05:00:00+10:00,666.1939118955594,4085.7602,6132.9894
2026-06-28 20:00:00+00:00,2026-06-29 06:00:00+10:00,724.3402055674918,4769.8721,6585.1268
2026-06-28 21:00:00+00:00,2026-06-29 07:00:00+10:00,616.2377699990138,5008.04,8126.7982
2026-06-28 22:00:00+00:00,2026-06-29 08:00:00+10:00,577.116567050206,5090.9762,8821.4002
2026-06-28 23:00:00+00:00,2026-06-29 09:00:00+10:00,613.0249325987763,5280.4909,8613.8273
2026-06-29 00:00:00+00:00,2026-06-29 10:00:00+10:00,664.8655897254384,5547.5206,8343.8227
2026-06-29 01:00:00+00:00,2026-06-29 11:00:00+10:00,656.87314887676,5612.5914,8544.4068
2026-06-29 02:00:00+00:00,2026-06-29 12:00:00+10:00,665.7944926658927,5481.0724,8232.3787
2026-06-29 03:00:00+00:00,2026-06-29 13:00:00+10:00,662.0801947954433,5336.7903,8060.6403
2026-06-29 04:00:00+00:00,2026-06-29 14:00:00+10:00,659.1748844853835,5093.5645,7727.1823
2026-06-29 05:00:00+00:00,2026-06-29 15:00:00+10:00,680.1847706606917,5206.8755,7655.0898
2026-06-29 06:00:00+00:00,2026-06-29 16:00:00+10:00,698.3789143357315,5264.4605,7538.1149
2026-06-29 07:00:00+00:00,2026-06-29 17:00:00+10:00,687.086261369531,5320.3942,7743.4152
2026-06-29 08:00:00+00:00,2026-06-29 18:00:00+10:00,634.7757647967895,5344.2899,8419.1776
2026-06-29 09:00:00+00:00,2026-06-29 19:00:00+10:00,629.2462797871794,5342.3505,8490.0788
2026-06-29 10:00:00+00:00,2026-06-29 20:00:00+10:00,651.2501497744488,5297.2019,8133.8974
2026-06-29 11:00:00+00:00,2026-06-29 21:00:00+10:00,674.2655695780726,5178.4003,7680.0604
2026-06-29 12:00:00+00:00,2026-06-29 22:00:00+10:00,714.4387697835483,5036.7341,7049.9171
2026-06-29 13:00:00+00:00,2026-06-29 23:00:00+10:00,764.7930150916915,4974.9404,6504.9501
2026-06-29 14:00:00+00:00,2026-06-30 00:00:00+10:00,828.9274954868563,4963.7639,5988.1762
2026-06-29 15:00:00+00:00,2026-06-30 01:00:00+10:00,855.953639239841,4947.1389,5779.6809
2026-06-29 16:00:00+00:00,2026-06-30 02:00:00+10:00,854.6156717260333,4951.2429,5793.5316
2026-06-29 17:00:00+00:00,2026-06-30 03:00:00+10:00,913.2604665683756,4952.1294,5422.4721
2026-06-29 18:00:00+00:00,2026-06-30 04:00:00+10:00,945.4439785295752,4959.1893,5245.355
2026-06-29 19:00:00+00:00,2026-06-30 05:00:00+10:00,929.1456786010076,4957.1731,5335.1947
2026-06-29 20:00:00+00:00,2026-06-30 06:00:00+10:00,883.7828979187524,5117.4032,5790.3397
2026-06-29 21:00:00+00:00,2026-06-30 07:00:00+10:00,807.2353729053536,5222.9576,6470.1793
2026-06-29 22:00:00+00:00,2026-06-30 08:00:00+10:00,746.7689537868235,5284.9962,7077.1504
2026-06-29 23:00:00+00:00,2026-06-30 09:00:00+10:00,728.4626075718213,5252.7549,7210.7406
2026-06-30 00:00:00+00:00,2026-06-30 10:00:00+10:00,746.8495753264001,5358.6227,7174.9692
2026-06-30 01:00:00+00:00,2026-06-30 11:00:00+10:00,723.8612841303537,5391.3533,7448.0476
2026-06-30 02:00:00+00:00,2026-06-30 12:00:00+10:00,743.0664993139346,5373.6129,7231.6716
2026-06-30 03:00:00+00:00,2026-06-30 13:00:00+10:00,751.0184445192967,5331.0466,7098.423
2026-06-30 04:00:00+00:00,2026-06-30 14:00:00+10:00,749.0650231649594,5334.7169,7121.8342
2026-06-30 05:00:00+00:00,2026-06-30 15:00:00+10:00,768.0687568557921,5332.0976,6942.2139
2026-06-30 06:00:00+00:00,2026-06-30 16:00:00+10:00,772.5561043154198,5333.7832,6904.0723
2026-06-30 07:00:00+00:00,2026-06-30 17:00:00+10:00,703.6874038001681,5322.6968,7564.0075
2026-06-30 08:00:00+00:00,2026-06-30 18:00:00+10:00,684.0779757072379,5257.9875,7686.24
2026-06-30 09:00:00+00:00,2026-06-30 19:00:00+10:00,725.0015370006109,5159.207,7116.1325
2026-06-30 10:00:00+00:00,2026-06-30 20:00:00+10:00,732.1875298718479,5051.5547,6899.2635
2026-06-30 11:00:00+00:00,2026-06-30 21:00:00+10:00,726.9682112733709,4970.1439,6836.8105
2026-06-30 12:00:00+00:00,2026-06-30 22:00:00+10:00,707.6173089538294,4795.1423,6776.4627
2026-06-30 13:00:00+00:00,2026-06-30 23:00:00+10:00,720.3914449299332,4596.0042,6379.8706
2026-06-30 14:00:00+00:00,2026-07-01 00:00:00+10:00,689.6950533529753,4271.2236,6192.9161
2026-06-30 15:00:00+00:00,2026-07-01 01:00:00+10:00,671.5598013342046,4146.0391,6173.7452
2026-06-30 16:00:00+00:00,2026-07-01 02:00:00+10:00,637.4005121775795,3960.5436,6213.5871
2026-06-30 17:00:00+00:00,2026-07-01 03:00:00+10:00,584.5077413434778,3486.8821,5965.502
2026-06-30 18:00:00+00:00,2026-07-01 04:00:00+10:00,568.1882739459459,3374.8813,5939.7236
2026-06-30 19:00:00+00:00,2026-07-01 05:00:00+10:00,556.478076723393,3399.1401,6108.3091
2026-06-30 20:00:00+00:00,2026-07-01 06:00:00+10:00,570.3606380448705,3488.7633,6116.7673
2026-06-30 21:00:00+00:00,2026-07-01 07:00:00+10:00,597.4616042323029,3914.5051,6551.894
2026-06-30 22:00:00+00:00,2026-07-01 08:00:00+10:00,626.2887955901431,4229.2254,6752.8358
2026-06-30 23:00:00+00:00,2026-07-01 09:00:00+10:00,585.6071115286521,4136.9791,7064.4277
2026-07-01 00:00:00+00:00,2026-07-01 10:00:00+10:00,558.3532162799332,3976.3198,7121.5132
2026-07-01 01:00:00+00:00,2026-07-01 11:00:00+10:00,488.9021198750909,3707.7754,7583.8808
2026-07-01 02:00:00+00:00,2026-07-01 12:00:00+10:00,472.4114220470055,3646.3146,7718.5149
2026-07-01 03:00:00+00:00,2026-07-01 13:00:00+10:00,480.0483718988483,3775.2928,7864.4008
2026-07-01 04:00:00+00:00,2026-07-01 14:00:00+10:00,448.4139174302274,3679.0701,8204.6296
2026-07-01 05:00:00+00:00,2026-07-01 15:00:00+10:00,483.03822335299446,3830.9861,7931.0206
2026-07-01 06:00:00+00:00,2026-07-01 16:00:00+10:00,548.6587864409667,4380.2651,7983.5869
2026-07-01 07:00:00+00:00,2026-07-01 17:00:00+10:00,517.9698917629954,4602.9627,8886.5449
2026-07-01 08:00:00+00:00,2026-07-01 18:00:00+10:00,521.2375136062697,4620.212,8863.9284
2026-07-01 09:00:00+00:00,2026-07-01 19:00:00+10:00,548.3260812187823,4624.5065,8433.862
2026-07-01 10:00:00+00:00,2026-07-01 20:00:00+10:00,551.6315278829018,4313.0999,7818.806
2026-07-01 11:00:00+00:00,2026-07-01 21:00:00+10:00,469.4191171879789,3334.4734,7103.4035
2026-07-01 12:00:00+00:00,2026-07-01 22:00:00+10:00,486.882308874496,3242.292,6659.2931
2026-07-01 13:00:00+00:00,2026-07-01 23:00:00+10:00,512.7733403473156,3231.7328,6302.4587
2026-07-01 14:00:00+00:00,2026-07-02 00:00:00+10:00,519.5342111218998,3205.9707,6170.8558
2026-07-01 15:00:00+00:00,2026-07-02 01:00:00+10:00,538.9438104875646,3147.9397,5840.9423
2026-07-01 16:00:00+00:00,2026-07-02 02:00:00+10:00,557.8058775691687,3308.9405,5932.0646
2026-07-01 17:00:00+00:00,2026-07-02 03:00:00+10:00,576.1557138599348,3492.3606,6061.4874
2026-07-01 18:00:00+00:00,2026-07-02 04:00:00+10:00,584.7648397775747,3477.1667,5946.265
2026-07-01 19:00:00+00:00,2026-07-02 05:00:00+10:00,583.1447764376636,3494.746,5992.9303
2026-07-01 20:00:00+00:00,2026-07-02 06:00:00+10:00,556.2491745348453,3506.6067,6304.0214
2026-07-01 21:00:00+00:00,2026-07-02 07:00:00+10:00,527.0338992240913,3610.994,6851.5403
2026-07-01 22:00:00+00:00,2026-07-02 08:00:00+10:00,494.6370210570735,3746.7126,7574.6708
2026-07-01 23:00:00+00:00,2026-07-02 09:00:00+10:00,494.50412642808993,4112.2932,8315.9937
2026-07-02 00:00:00+00:00,2026-07-02 10:00:00+10:00,468.9538886280105,3634.7391,7750.7388
2026-07-02 01:00:00+00:00,2026-07-02 11:00:00+10:00,452.44665887384747,3831.071,8467.4534
2026-07-02 02:00:00+00:00,2026-07-02 12:00:00+10:00,459.0572806690536,4084.1051,8896.7222
2026-07-02 03:00:00+00:00,2026-07-02 13:00:00+10:00,492.4219949118117,4381.929,8898.7272
2026-07-02 04:00:00+00:00,2026-07-02 14:00:00+10:00,537.4144232516987,4214.0641,7841.3677
2026-07-02 05:00:00+00:00,2026-07-02 15:00:00+10:00,524.6369860354521,4121.5298,7855.965
2026-07-02 06:00:00+00:00,2026-07-02 16:00:00+10:00,541.444111298504,4948.531,9139.5047
2026-07-02 07:00:00+00:00,2026-07-02 17:00:00+10:00,542.8290132710598,5164.6567,9514.3343
2026-07-02 08:00:00+00:00,2026-07-02 18:00:00+10:00,568.2227512131041,5122.7817,9015.4463
2026-07-02 09:00:00+00:00,2026-07-02 19:00:00+10:00,573.6932952853059,5070.7969,8838.8638
2026-07-02 10:00:00+00:00,2026-07-02 20:00:00+10:00,580.216026379175,5009.704,8634.2048
2026-07-02 11:00:00+00:00,2026-07-02 21:00:00+10:00,528.9126697275846,4203.7906,7947.9862
2026-07-02 12:00:00+00:00,2026-07-02 22:00:00+10:00,493.8916452434474,3741.7275,7576.0089
2026-07-02 13:00:00+00:00,2026-07-02 23:00:00+10:00,515.3016055169157,3590.1556,6967.0957
2026-07-02 14:00:00+00:00,2026-07-03 00:00:00+10:00,539.0071315254294,3557.6838,6600.4392
2026-07-02 15:00:00+00:00,2026-07-03 01:00:00+10:00,541.0763640293113,3482.9783,6437.1289
2026-07-02 16:00:00+00:00,2026-07-03 02:00:00+10:00,563.3734808093803,3478.7424,6174.8423
2026-07-02 17:00:00+00:00,2026-07-03 03:00:00+10:00,579.0977377186224,3484.7211,6017.5008
2026-07-02 18:00:00+00:00,2026-07-03 04:00:00+10:00,573.813803354892,3492.1569,6085.8712
2026-07-02 19:00:00+00:00,2026-07-03 05:00:00+10:00,558.8602477933204,3489.0464,6243.1465
2026-07-02 20:00:00+00:00,2026-07-03 06:00:00+10:00,518.7104222594199,3563.2578,6869.4548
2026-07-02 21:00:00+00:00,2026-07-03 07:00:00+10:00,494.5521385503281,4031.2925,8151.4004
2026-07-02 22:00:00+00:00,2026-07-03 08:00:00+10:00,539.5477585056259,4750.887,8805.3132
2026-07-02 23:00:00+00:00,2026-07-03 09:00:00+10:00,505.2756782924073,4090.6744,8095.9258
2026-07-03 00:00:00+00:00,2026-07-03 10:00:00+10:00,463.3390207764227,3822.8126,8250.5734
2026-07-03 01:00:00+00:00,2026-07-03 11:00:00+10:00,461.4347579574578,4096.6708,8878.1149
2026-07-03 02:00:00+00:00,2026-07-03 12:00:00+10:00,460.24977881996455,4163.5868,9046.3635
2026-07-03 03:00:00+00:00,2026-07-03 13:00:00+10:00,410.4967931711776,3605.2426,8782.6328
2026-07-03 04:00:00+00:00,2026-07-03 14:00:00+10:00,420.9998228393354,3608.9977,8572.4447
2026-07-03 05:00:00+00:00,2026-07-03 15:00:00+10:00,482.9957879781872,3997.3084,8276.073
2026-07-03 06:00:00+00:00,2026-07-03 16:00:00+10:00,571.0041197298214,4754.7388,8326.9781
2026-07-03 07:00:00+00:00,2026-07-03 17:00:00+10:00,598.35050203494,5223.6952,8730.1593
2026-07-03 08:00:00+00:00,2026-07-03 18:00:00+10:00,604.6025914048439,5323.8572,8805.5481
2026-07-03 09:00:00+00:00,2026-07-03 19:00:00+10:00,645.6688665265743,5414.1706,8385.3673
2026-07-03 10:00:00+00:00,2026-07-03 20:00:00+10:00,690.5428280628934,5553.2522,8041.865
2026-07-03 11:00:00+00:00,2026-07-03 21:00:00+10:00,721.6311626376566,5538.8053,7675.3965
2026-07-03 12:00:00+00:00,2026-07-03 22:00:00+10:00,761.8340204964825,5586.4357,7332.8777
2026-07-03 13:00:00+00:00,2026-07-03 23:00:00+10:00,780.0261608463086,5626.1443,7212.7636
2026-07-03 14:00:00+00:00,2026-07-04 00:00:00+10:00,791.605345746685,5570.9208,7037.4977
2026-07-03 15:00:00+00:00,2026-07-04 01:00:00+10:00,796.8363903817956,5564.5337,6983.2826
2026-07-03 16:00:00+00:00,2026-07-04 02:00:00+10:00,824.4748672206606,5570.2471,6756.1151
2026-07-03 17:00:00+00:00,2026-07-04 03:00:00+10:00,824.1243240715069,5575.0715,6764.8428
2026-07-03 18:00:00+00:00,2026-07-04 04:00:00+10:00,813.2600028463319,5575.0102,6855.1388
2026-07-03 19:00:00+00:00,2026-07-04 05:00:00+10:00,818.2153660426653,5576.1036,6814.9583
2026-07-03 20:00:00+00:00,2026-07-04 06:00:00+10:00,814.3886663027589,5573.2633,6843.4932
2026-07-03 21:00:00+00:00,2026-07-04 07:00:00+10:00,756.676855199325,5576.0287,7369.1017
2026-07-03 22:00:00+00:00,2026-07-04 08:00:00+10:00,783.9190413707584,5599.4612,7142.9075
2026-07-03 23:00:00+00:00,2026-07-04 09:00:00+10:00,764.4713120840368,5620.3489,7351.9422
2026-07-04 00:00:00+00:00,2026-07-04 10:00:00+10:00,719.8399014001234,5544.2635,7702.0786
2026-07-04 01:00:00+00:00,2026-07-04 11:00:00+10:00,688.9389879905318,5428.2765,7879.1832
2026-07-04 02:00:00+00:00,2026-07-04 12:00:00+10:00,668.5350826269238,5359.3986,8016.6303
2026-07-04 03:00:00+00:00,2026-07-04 13:00:00+10:00,687.7675828955297,5352.9332,7783.0554
2026-07-04 04:00:00+00:00,2026-07-04 14:00:00+10:00,704.7471384043481,4970.6963,7053.1628
2026-07-04 05:00:00+00:00,2026-07-04 15:00:00+10:00,742.8024606336503,5209.3027,7013.0391
2026-07-04 06:00:00+00:00,2026-07-04 16:00:00+10:00,765.2577751208408,5461.1637,7136.3714
2026-07-04 07:00:00+00:00,2026-07-04 17:00:00+10:00,702.2990498314991,5476.4881,7797.9432
2026-07-04 08:00:00+00:00,2026-07-04 18:00:00+10:00,695.5614078759539,5485.8762,7886.9761
2026-07-04 09:00:00+00:00,2026-07-04 19:00:00+10:00,754.6493104814631,5490.892,7276.0843
2026-07-04 10:00:00+00:00,2026-07-04 20:00:00+10:00,791.8138782611321,5579.4636,7046.4332
2026-07-04 11:00:00+00:00,2026-07-04 21:00:00+10:00,877.0890668375013,5691.0931,6488.6148
2026-07-04 12:00:00+00:00,2026-07-04 22:00:00+10:00,941.15964417001,5758.1843,6118.1802
2026-07-04 13:00:00+00:00,2026-07-04 23:00:00+10:00,943.5619105858513,5758.447,6102.882
2026-07-04 14:00:00+00:00,2026-07-05 00:00:00+10:00,937.0460678101424,5757.9916,6144.833
2026-07-04 15:00:00+00:00,2026-07-05 01:00:00+10:00,953.702896041136,5751.0234,6030.2044
2026-07-04 16:00:00+00:00,2026-07-05 02:00:00+10:00,960.5150458424396,5755.0207,5991.5987
2026-07-04 17:00:00+00:00,2026-07-05 03:00:00+10:00,938.0603375180208,5760.0611,6140.3951
2026-07-04 18:00:00+00:00,2026-07-05 04:00:00+10:00,944.9050176745218,5750.4439,6085.7375
2026-07-04 19:00:00+00:00,2026-07-05 05:00:00+10:00,923.4820013195946,5745.1231,6221.1533
2026-07-04 20:00:00+00:00,2026-07-05 06:00:00+10:00,922.9020930902004,5747.1703,6227.2806
2026-07-04 21:00:00+00:00,2026-07-05 07:00:00+10:00,876.884632569061,5627.975,6418.1476
2026-07-04 22:00:00+00:00,2026-07-05 08:00:00+10:00,815.9089974537897,5472.4193,6707.1442
2026-07-04 23:00:00+00:00,2026-07-05 09:00:00+10:00,715.6515502870806,5470.8931,7644.6325
2026-07-05 00:00:00+00:00,2026-07-05 10:00:00+10:00,679.4074655314495,5245.6424,7720.9078
2026-07-05 01:00:00+00:00,2026-07-05 11:00:00+10:00,615.0118849547121,5018.1487,8159.4337
2026-07-05 02:00:00+00:00,2026-07-05 12:00:00+10:00,544.4692252317816,4491.9359,8250.119
2026-07-05 03:00:00+00:00,2026-07-05 13:00:00+10:00,527.6588993855374,4163.547,7890.6032
2026-07-05 04:00:00+00:00,2026-07-05 14:00:00+10:00,580.8394536225995,4212.706,7252.789
2026-07-05 05:00:00+00:00,2026-07-05 15:00:00+10:00,654.1424524770108,4763.5492,7282.1282
2026-07-05 06:00:00+00:00,2026-07-05 16:00:00+10:00,735.8199851188156,5610.4775,7624.7963
2026-07-05 07:00:00+00:00,2026-07-05 17:00:00+10:00,698.5998114724484,5703.2246,8163.7935
2026-07-05 08:00:00+00:00,2026-07-05 18:00:00+10:00,686.5414955105647,5670.6513,8259.7357
2026-07-05 09:00:00+00:00,2026-07-05 19:00:00+10:00,710.0868483845268,5671.6595,7987.2758
2026-07-05 10:00:00+00:00,2026-07-05 20:00:00+10:00,741.840008777528,5685.5484,7664.1167
2026-07-05 11:00:00+00:00,2026-07-05 21:00:00+10:00,749.4903929483322,5680.3335,7578.9277
2026-07-05 12:00:00+00:00,2026-07-05 22:00:00+10:00,798.3053003735871,5705.8374,7147.4377
2026-07-05 13:00:00+00:00,2026-07-05 23:00:00+10:00,828.6264668053817,5695.1831,6873.0403
2026-07-05 14:00:00+00:00,2026-07-06 00:00:00+10:00,859.216874277846,5683.1418,6614.3275
2026-07-05 15:00:00+00:00,2026-07-06 01:00:00+10:00,893.3099963419255,5674.2833,6351.9756
2026-07-05 16:00:00+00:00,2026-07-06 02:00:00+10:00,911.0575301427808,5684.2675,6239.1971
2026-07-05 17:00:00+00:00,2026-07-06 03:00:00+10:00,933.9465588587047,5687.0084,6089.2225
2026-07-05 18:00:00+00:00,2026-07-06 04:00:00+10:00,922.9496931888588,5709.7166,6186.379
2026-07-05 19:00:00+00:00,2026-07-06 05:00:00+10:00,896.5656320982623,5723.7547,6384.0889
2026-07-05 20:00:00+00:00,2026-07-06 06:00:00+10:00,833.5646806632161,5799.6498,6957.6482
2026-07-05 21:00:00+00:00,2026-07-06 07:00:00+10:00,754.2306770574519,6008.652,7966.5972
2026-07-05 22:00:00+00:00,2026-07-06 08:00:00+10:00,657.6454385817091,5969.4024,9076.9312
2026-07-05 23:00:00+00:00,2026-07-06 09:00:00+10:00,697.2434426135242,5971.8486,8564.9405
2026-07-06 00:00:00+00:00,2026-07-06 10:00:00+10:00,694.6267564705028,5860.4605,8436.8482
2026-07-06 01:00:00+00:00,2026-07-06 11:00:00+10:00,679.2780841686808,5710.9483,8407.379
2026-07-06 02:00:00+00:00,2026-07-06 12:00:00+10:00,682.414754250217,5693.8863,8343.7327
2026-07-06 03:00:00+00:00,2026-07-06 13:00:00+10:00,690.3479374374326,5680.8272,8228.9334
2026-07-06 04:00:00+00:00,2026-07-06 14:00:00+10:00,713.9393286931692,5692.6133,7973.5253
2026-07-06 05:00:00+00:00,2026-07-06 15:00:00+10:00,752.8573687788705,5699.8004,7570.8901
2026-07-06 06:00:00+00:00,2026-07-06 16:00:00+10:00,825.692709269195,5818.4572,7046.7586
2026-07-06 07:00:00+00:00,2026-07-06 17:00:00+10:00,771.1496758655551,6112.5496,7926.5411
2026-07-06 08:00:00+00:00,2026-07-06 18:00:00+10:00,738.7059000657233,6140.8914,8313.0396
2026-07-06 09:00:00+00:00,2026-07-06 19:00:00+10:00,799.0538534901845,6120.3959,7659.5537
2026-07-06 10:00:00+00:00,2026-07-06 20:00:00+10:00,824.7583453698305,6088.1887,7381.7849
2026-07-06 11:00:00+00:00,2026-07-06 21:00:00+10:00,872.1574415055528,6056.8362,6944.6592
2026-07-06 12:00:00+00:00,2026-07-06 22:00:00+10:00,887.3630136132059,6012.0689,6775.2079
2026-07-06 13:00:00+00:00,2026-07-06 23:00:00+10:00,929.5219822740354,5985.219,6439.029
2026-07-06 14:00:00+00:00,2026-07-07 00:00:00+10:00,977.3121120213876,5867.7225,6003.9392
2026-07-06 15:00:00+00:00,2026-07-07 01:00:00+10:00,1024.9093878466515,5848.8914,5706.74
2026-07-06 16:00:00+00:00,2026-07-07 02:00:00+10:00,1045.3402558475966,5785.981,5535.0217
2026-07-06 17:00:00+00:00,2026-07-07 03:00:00+10:00,1025.2146704935851,5784.9373,5642.6595
2026-07-06 18:00:00+00:00,2026-07-07 04:00:00+10:00,1058.059011617824,5823.1741,5503.6383
2026-07-06 19:00:00+00:00,2026-07-07 05:00:00+10:00,1031.1986215246598,5883.0167,5705.0277
2026-07-06 20:00:00+00:00,2026-07-07 06:00:00+10:00,943.660313680554,6020.4808,6379.9237
2026-07-06 21:00:00+00:00,2026-07-07 07:00:00+10:00,777.6837563410478,6031.5568,7755.7963
2026-07-06 22:00:00+00:00,2026-07-07 08:00:00+10:00,697.2974082588058,6036.1691,8656.5202
2026-07-06 23:00:00+00:00,2026-07-07 09:00:00+10:00,712.4799700166825,6018.9579,8447.8977
2026-07-07 00:00:00+00:00,2026-07-07 10:00:00+10:00,735.0660519928966,5887.3008,8009.2133
2026-07-07 01:00:00+00:00,2026-07-07 11:00:00+10:00,718.8982115203244,5821.5861,8097.9282
2026-07-07 02:00:00+00:00,2026-07-07 12:00:00+10:00,741.7154289362869,5807.7803,7830.2002
2026-07-07 03:00:00+00:00,2026-07-07 13:00:00+10:00,739.2257706059481,5792.9154,7836.463
2026-07-07 04:00:00+00:00,2026-07-07 14:00:00+10:00,724.6898298376576,5822.1357,8033.9691
2026-07-07 05:00:00+00:00,2026-07-07 15:00:00+10:00,738.9885622361953,5866.7393,7938.877
2026-07-07 06:00:00+00:00,2026-07-07 16:00:00+10:00,752.4097256198119,5920.2029,7868.3232
2026-07-07 07:00:00+00:00,2026-07-07 17:00:00+10:00,730.6605108707828,6090.084,8335.0392
2026-07-07 08:00:00+00:00,2026-07-07 18:00:00+10:00,687.1184318027429,6119.8322,8906.5173
2026-07-07 09:00:00+00:00,2026-07-07 19:00:00+10:00,743.7320208814816,6126.1362,8237.0209
2026-07-07 10:00:00+00:00,2026-07-07 20:00:00+10:00,779.6248473058557,6106.1467,7832.1602
2026-07-07 11:00:00+00:00,2026-07-07 21:00:00+10:00,809.7785689621542,6081.6927,7510.3157
2026-07-07 12:00:00+00:00,2026-07-07 22:00:00+10:00,857.9480149615415,6039.6987,7039.7024
2026-07-07 13:00:00+00:00,2026-07-07 23:00:00+10:00,900.5256794066676,5971.3684,6630.9807
2026-07-07 14:00:00+00:00,2026-07-08 00:00:00+10:00,907.8173415432676,5859.4384,6454.4244
2026-07-07 15:00:00+00:00,2026-07-08 01:00:00+10:00,907.1003167047782,5890.1056,6493.3343
2026-07-07 16:00:00+00:00,2026-07-08 02:00:00+10:00,933.1709208054092,6020.5183,6451.678
2026-07-07 17:00:00+00:00,2026-07-08 03:00:00+10:00,969.426627106062,6017.6393,6207.4211
2026-07-07 18:00:00+00:00,2026-07-08 04:00:00+10:00,982.921237938942,6016.737,6121.2809
2026-07-07 19:00:00+00:00,2026-07-08 05:00:00+10:00,971.7768006489588,5973.3465,6146.8297
2026-07-07 20:00:00+00:00,2026-07-08 06:00:00+10:00,907.7073767342778,6094.3653,6714.0198
2026-07-07 21:00:00+00:00,2026-07-08 07:00:00+10:00,804.2361200737738,6181.5261,7686.208
2026-07-07 22:00:00+00:00,2026-07-08 08:00:00+10:00,717.1448147455313,6159.926,8589.5148
2026-07-07 23:00:00+00:00,2026-07-08 09:00:00+10:00,703.9983527898299,6118.8328,8691.5442
2026-07-08 00:00:00+00:00,2026-07-08 10:00:00+10:00,643.1705166397795,5275.6973,8202.6417
2026-07-08 01:00:00+00:00,2026-07-08 11:00:00+10:00,605.9341869588893,4740.8435,7824.0238
2026-07-08 02:00:00+00:00,2026-07-08 12:00:00+10:00,583.4767214016016,4667.2188,7998.9803
2026-07-08 03:00:00+00:00,2026-07-08 13:00:00+10:00,543.1367729362402,4223.5191,7776.1612
2026-07-08 04:00:00+00:00,2026-07-08 14:00:00+10:00,566.7669948977339,4209.5417,7427.288
2026-07-08 05:00:00+00:00,2026-07-08 15:00:00+10:00,617.182848423426,4481.6627,7261.4829
2026-07-08 06:00:00+00:00,2026-07-08 16:00:00+10:00,628.6214046711825,4613.5564,7339.1653
2026-07-08 07:00:00+00:00,2026-07-08 17:00:00+10:00,692.0240924288013,5038.3122,7280.5445
2026-07-08 08:00:00+00:00,2026-07-08 18:00:00+10:00,674.0083110851119,5269.1972,7817.7036
2026-07-08 09:00:00+00:00,2026-07-08 19:00:00+10:00,665.2889473177441,5066.0468,7614.8068
2026-07-08 10:00:00+00:00,2026-07-08 20:00:00+10:00,718.2963730499199,5386.7345,7499.3202
2026-07-08 11:00:00+00:00,2026-07-08 21:00:00+10:00,801.0981616101884,5533.7086,6907.6536
2026-07-08 12:00:00+00:00,2026-07-08 22:00:00+10:00,815.959641033156,5370.5105,6581.8335
2026-07-08 13:00:00+00:00,2026-07-08 23:00:00+10:00,809.7173235995735,5027.2147,6208.6046
2026-07-08 14:00:00+00:00,2026-07-09 00:00:00+10:00,883.3656116340678,5649.176,6395.0599
2026-07-08 15:00:00+00:00,2026-07-09 01:00:00+10:00,1016.732362368398,6043.3501,5943.8947
2026-07-08 16:00:00+00:00,2026-07-09 02:00:00+10:00,1071.7889360439617,6103.653,5694.8274
2026-07-08 17:00:00+00:00,2026-07-09 03:00:00+10:00,1081.9404123320087,6111.6465,5648.7829
2026-07-08 18:00:00+00:00,2026-07-09 04:00:00+10:00,1083.0374576741635,6111.972,5643.3616
2026-07-08 19:00:00+00:00,2026-07-09 05:00:00+10:00,1058.614312519862,6111.6617,5773.2657
2026-07-08 20:00:00+00:00,2026-07-09 06:00:00+10:00,973.9046044253222,6192.1032,6358.0182
2026-07-08 21:00:00+00:00,2026-07-09 07:00:00+10:00,817.713083369349,6257.8785,7652.9025
2026-07-08 22:00:00+00:00,2026-07-09 08:00:00+10:00,711.6608493026822,6248.51,8780.1795
2026-07-08 23:00:00+00:00,2026-07-09 09:00:00+10:00,720.7364856281341,6191.4635,8590.4677
2026-07-09 00:00:00+00:00,2026-07-09 10:00:00+10:00,727.2731629814915,2048.5301,2816.7272
2026-07-09 01:00:00+00:00,2026-07-09 11:00:00+10:00,710.63116557844,6142.8171,8644.1707
2026-07-09 02:00:00+00:00,2026-07-09 12:00:00+10:00,699.0427981540338,6053.2155,8659.2917
2026-07-09 03:00:00+00:00,2026-07-09 13:00:00+10:00,694.0834830901157,5974.9114,8608.3469
2026-07-09 04:00:00+00:00,2026-07-09 14:00:00+10:00,736.1951007617246,5955.5272,8089.6045
2026-07-09 05:00:00+00:00,2026-07-09 15:00:00+10:00,779.7186805853465,6064.5011,7777.8066
2026-07-09 06:00:00+00:00,2026-07-09 16:00:00+10:00,861.5062644460103,6196.2837,7192.3838
2026-07-09 07:00:00+00:00,2026-07-09 17:00:00+10:00,798.5149147247425,6329.0368,7926.0095
2026-07-09 08:00:00+00:00,2026-07-09 18:00:00+10:00,687.8861167106063,6387.6463,9285.9067
2026-07-09 09:00:00+00:00,2026-07-09 19:00:00+10:00,707.2604976454446,6425.4206,9084.942
2026-07-09 10:00:00+00:00,2026-07-09 20:00:00+10:00,729.9974457938475,6399.1087,8765.933
2026-07-09 11:00:00+00:00,2026-07-09 21:00:00+10:00,795.891457529453,6240.5885,7841.0045
2026-07-09 12:00:00+00:00,2026-07-09 22:00:00+10:00,923.1286911307247,6163.8416,6677.1206
2026-07-09 13:00:00+00:00,2026-07-09 23:00:00+10:00,957.5995216895882,5986.5985,6251.6724
2026-07-09 14:00:00+00:00,2026-07-10 00:00:00+10:00,951.5923583146204,5961.532,6264.796
2026-07-09 15:00:00+00:00,2026-07-10 01:00:00+10:00,963.003131411016,5969.4667,6198.803
2026-07-09 16:00:00+00:00,2026-07-10 02:00:00+10:00,974.4626660140387,5964.9828,6121.3046
2026-07-09 17:00:00+00:00,2026-07-10 03:00:00+10:00,987.1221490389078,5963.2894,6041.0856
2026-07-09 18:00:00+00:00,2026-07-10 04:00:00+10:00,999.8311256594372,5965.559,5966.5666
2026-07-09 19:00:00+00:00,2026-07-10 05:00:00+10:00,968.5179417612484,5950.443,6143.8645
2026-07-09 20:00:00+00:00,2026-07-10 06:00:00+10:00,897.9024252537039,6047.1049,6734.7016
2026-07-09 21:00:00+00:00,2026-07-10 07:00:00+10:00,743.2738152231503,6082.1052,8182.8595
2026-07-09 22:00:00+00:00,2026-07-10 08:00:00+10:00,676.2525126662694,6146.594,9089.1995
2026-07-09 23:00:00+00:00,2026-07-10 09:00:00+10:00,689.0975971580951,6041.1394,8766.7399
2026-07-10 00:00:00+00:00,2026-07-10 10:00:00+10:00,671.6434599665731,5839.0063,8693.61
2026-07-10 01:00:00+00:00,2026-07-10 11:00:00+10:00,669.1024118496712,5845.992,8737.0661
2026-07-10 02:00:00+00:00,2026-07-10 12:00:00+10:00,661.732554489033,5840.531,8826.1201
2026-07-10 03:00:00+00:00,2026-07-10 13:00:00+10:00,667.4889224087557,5783.9977,8665.3089
2026-07-10 04:00:00+00:00,2026-07-10 14:00:00+10:00,697.6914182391703,5757.6528,8252.4346
2026-07-10 05:00:00+00:00,2026-07-10 15:00:00+10:00,741.9350605288007,5800.4279,7817.9725
2026-07-10 06:00:00+00:00,2026-07-10 16:00:00+10:00,757.1392456666641,5921.6613,7821.0994
2026-07-10 07:00:00+00:00,2026-07-10 17:00:00+10:00,694.1642314377968,5872.239,8459.4376
2026-07-10 08:00:00+00:00,2026-07-10 18:00:00+10:00,610.2754722333511,5701.4048,9342.3463
2026-07-10 09:00:00+00:00,2026-07-10 19:00:00+10:00,602.1221675506469,5619.2289,9332.3734
2026-07-10 10:00:00+00:00,2026-07-10 20:00:00+10:00,607.2642441434456,5638.9144,9285.7672
2026-07-10 11:00:00+00:00,2026-07-10 21:00:00+10:00,671.9565112555375,5703.1518,8487.3823
2026-07-10 12:00:00+00:00,2026-07-10 22:00:00+10:00,708.664909169375,5466.3451,7713.5823
2026-07-10 13:00:00+00:00,2026-07-10 23:00:00+10:00,693.1609679543399,5403.5592,7795.533
2026-07-10 14:00:00+00:00,2026-07-11 00:00:00+10:00,643.9574840313974,4874.3419,7569.3536
2026-07-10 15:00:00+00:00,2026-07-11 01:00:00+10:00,577.7273673522868,4278.526,7405.7873
2026-07-10 16:00:00+00:00,2026-07-11 02:00:00+10:00,543.2595636410296,4027.2416,7413.1076
2026-07-10 17:00:00+00:00,2026-07-11 03:00:00+10:00,529.0206117060524,3844.7786,7267.7293
2026-07-10 18:00:00+00:00,2026-07-11 04:00:00+10:00,536.8128754545604,3879.979,7227.8054
2026-07-10 19:00:00+00:00,2026-07-11 05:00:00+10:00,557.7120613895054,3964.3354,7108.2117
2026-07-10 20:00:00+00:00,2026-07-11 06:00:00+10:00,580.0797190781574,2685.0172,4628.7038
2026-07-10 21:00:00+00:00,2026-07-11 07:00:00+10:00,569.0642682425024,3765.6819,6617.3227
2026-07-10 22:00:00+00:00,2026-07-11 08:00:00+10:00,560.5513161590666,4193.3988,7480.8473
2026-07-10 23:00:00+00:00,2026-07-11 09:00:00+10:00,544.230976271659,4379.173,8046.5339
2026-07-11 00:00:00+00:00,2026-07-11 10:00:00+10:00,509.6841905749888,4569.8441,8966.0307
2026-07-11 01:00:00+00:00,2026-07-11 11:00:00+10:00,523.2088885921656,4666.0531,8918.1457
2026-07-11 02:00:00+00:00,2026-07-11 12:00:00+10:00,460.8471491312847,4019.8294,8722.6956
2026-07-11 03:00:00+00:00,2026-07-11 13:00:00+10:00,455.7394953312093,3865.7353,8482.3355
2026-07-11 04:00:00+00:00,2026-07-11 14:00:00+10:00,460.32117132392415,3910.0838,8494.2515
2026-07-11 05:00:00+00:00,2026-07-11 15:00:00+10:00,519.7363849145086,4164.2934,8012.3184
2026-07-11 06:00:00+00:00,2026-07-11 16:00:00+10:00,580.1480519035155,4540.6219,7826.6606
2026-07-11 07:00:00+00:00,2026-07-11 17:00:00+10:00,603.886107387807,5098.6967,8443.1429
2026-07-11 08:00:00+00:00,2026-07-11 18:00:00+10:00,632.1095238257158,5521.143,8734.4721
2026-07-11 09:00:00+00:00,2026-07-11 19:00:00+10:00,654.5707777080164,5532.4203,8451.9818
2026-07-11 10:00:00+00:00,2026-07-11 20:00:00+10:00,652.0216790936151,5505.5668,8443.8401
2026-07-11 11:00:00+00:00,2026-07-11 21:00:00+10:00,639.1213281811553,5239.4064,8197.8275
2026-07-11 12:00:00+00:00,2026-07-11 22:00:00+10:00,635.3049738346523,5043.3294,7938.4384
2026-07-11 13:00:00+00:00,2026-07-11 23:00:00+10:00,647.9981959876013,5001.4772,7718.3505
2026-07-11 14:00:00+00:00,2026-07-12 00:00:00+10:00,649.4712030265001,4955.2001,7629.5917
2026-07-11 15:00:00+00:00,2026-07-12 01:00:00+10:00,595.5707464410192,4195.0898,7043.8144
2026-07-11 16:00:00+00:00,2026-07-12 02:00:00+10:00,585.7848946678176,3831.6757,6541.0968
2026-07-11 17:00:00+00:00,2026-07-12 03:00:00+10:00,593.3732280227424,3773.4141,6359.2591
2026-07-11 18:00:00+00:00,2026-07-12 04:00:00+10:00,598.1797811023872,3780.8763,6320.6354
2026-07-11 19:00:00+00:00,2026-07-12 05:00:00+10:00,595.3695690132424,3785.82,6358.7731
2026-07-11 20:00:00+00:00,2026-07-12 06:00:00+10:00,582.4473302202732,3768.2161,6469.6255
2026-07-11 21:00:00+00:00,2026-07-12 07:00:00+10:00,553.5558767002319,3912.7522,7068.3961
2026-07-11 22:00:00+00:00,2026-07-12 08:00:00+10:00,559.7590369543102,4330.9693,7737.203
2026-07-11 23:00:00+00:00,2026-07-12 09:00:00+10:00,538.2799441097201,4546.7236,8446.7639
2026-07-12 00:00:00+00:00,2026-07-12 10:00:00+10:00,468.30561885419513,3809.1854,8133.9733
2026-07-12 01:00:00+00:00,2026-07-12 11:00:00+10:00,458.2131770362664,3960.7717,8643.9498
2026-07-12 02:00:00+00:00,2026-07-12 12:00:00+10:00,488.69291872227353,4329.3313,8859.0015
2026-07-12 03:00:00+00:00,2026-07-12 13:00:00+10:00,505.6698658089539,4463.3958,8826.6992
2026-07-12 04:00:00+00:00,2026-07-12 14:00:00+10:00,536.9476321714795,4206.6839,7834.4398
2026-07-12 05:00:00+00:00,2026-07-12 15:00:00+10:00,556.5301634573158,4292.1519,7712.3437
2026-07-12 06:00:00+00:00,2026-07-12 16:00:00+10:00,579.6397531100795,5062.5441,8733.9491
2026-07-12 07:00:00+00:00,2026-07-12 17:00:00+10:00,602.4480012096899,5381.7874,8933.1982
2026-07-12 08:00:00+00:00,2026-07-12 18:00:00+10:00,585.0630953932404,5412.3864,9250.9448
2026-07-12 09:00:00+00:00,2026-07-12 19:00:00+10:00,606.4434807599196,5413.8534,8927.2184
2026-07-12 10:00:00+00:00,2026-07-12 20:00:00+10:00,635.2249764527614,5307.5157,8355.3322
2026-07-12 11:00:00+00:00,2026-07-12 21:00:00+10:00,641.2169601256388,5137.9548,8012.818
2026-07-12 12:00:00+00:00,2026-07-12 22:00:00+10:00,687.7284917548694,5085.1983,7394.1946
2026-07-12 13:00:00+00:00,2026-07-12 23:00:00+10:00,676.5903415435039,4848.7995,7166.5219
2026-07-12 14:00:00+00:00,2026-07-13 00:00:00+10:00,655.323528912792,4643.0617,7085.1442
2026-07-12 15:00:00+00:00,2026-07-13 01:00:00+10:00,599.7919063001981,3935.6879,6561.7556
2026-07-12 16:00:00+00:00,2026-07-13 02:00:00+10:00,601.7423112364999,3777.272,6277.2252
2026-07-12 17:00:00+00:00,2026-07-13 03:00:00+10:00,606.3061957420938,3791.6901,6253.7545
2026-07-12 18:00:00+00:00,2026-07-13 04:00:00+10:00,609.8850722405174,3791.4757,6216.7052
2026-07-12 19:00:00+00:00,2026-07-13 05:00:00+10:00,631.7683867769032,4134.6542,6544.5728
2026-07-12 20:00:00+00:00,2026-07-13 06:00:00+10:00,660.1659483508096,1560.4497,2363.7234
2026-07-12 21:00:00+00:00,2026-07-13 07:00:00+10:00,582.385853899967,3930.9952,6749.8123
2026-07-12 22:00:00+00:00,2026-07-13 08:00:00+10:00,586.0800670561094,5301.8414,9046.2749
2026-07-12 23:00:00+00:00,2026-07-13 09:00:00+10:00,592.6114531530776,5248.2993,8856.2232
2026-07-13 00:00:00+00:00,2026-07-13 10:00:00+10:00,543.3595493152578,4997.6014,9197.5956
2026-07-13 01:00:00+00:00,2026-07-13 11:00:00+10:00,485.6272528289417,4580.7876,9432.7235
2026-07-13 02:00:00+00:00,2026-07-13 12:00:00+10:00,498.7274095786843,4842.544,9709.8012
2026-07-13 03:00:00+00:00,2026-07-13 13:00:00+10:00,520.0403115644832,5040.4928,9692.504
2026-07-13 04:00:00+00:00,2026-07-13 14:00:00+10:00,540.6290380237457,5018.7883,9283.2385
2026-07-13 05:00:00+00:00,2026-07-13 15:00:00+10:00,560.5568064799947,5040.088,8991.2172
2026-07-13 06:00:00+00:00,2026-07-13 16:00:00+10:00,592.4526496698078,5220.1471,8811.079
2026-07-13 07:00:00+00:00,2026-07-13 17:00:00+10:00,537.5664860691319,5243.2002,9753.5846
2026-07-13 08:00:00+00:00,2026-07-13 18:00:00+10:00,574.4414863241971,5214.2762,9077.1233
2026-07-13 09:00:00+00:00,2026-07-13 19:00:00+10:00,570.238622974454,5215.5202,9146.2065
2026-07-13 10:00:00+00:00,2026-07-13 20:00:00+10:00,570.460891930666,5223.6777,9156.9427
2026-07-13 11:00:00+00:00,2026-07-13 21:00:00+10:00,616.7366878886235,5207.4087,8443.4878
2026-07-13 12:00:00+00:00,2026-07-13 22:00:00+10:00,633.527228973753,4948.9206,7811.6936
2026-07-13 13:00:00+00:00,2026-07-13 23:00:00+10:00,586.7903256956353,4216.5909,7185.8562
2026-07-13 14:00:00+00:00,2026-07-14 00:00:00+10:00,584.9710631001757,3994.2501,6828.1157
2026-07-13 15:00:00+00:00,2026-07-14 01:00:00+10:00,600.8991760460736,3991.7689,6642.9928
2026-07-13 16:00:00+00:00,2026-07-14 02:00:00+10:00,625.9725775939623,3995.5506,6382.9483
2026-07-13 17:00:00+00:00,2026-07-14 03:00:00+10:00,643.420692069077,3983.8771,6191.7143
2026-07-13 18:00:00+00:00,2026-07-14 04:00:00+10:00,662.6028526648208,3991.354,6023.7501
2026-07-13 19:00:00+00:00,2026-07-14 05:00:00+10:00,653.5566932736026,4009.2702,6134.5408
2026-07-13 20:00:00+00:00,2026-07-14 06:00:00+10:00,586.4873320547977,4151.6728,7078.8789
2026-07-13 21:00:00+00:00,2026-07-14 07:00:00+10:00,534.772979557506,4522.1808,8456.2627
2026-07-13 22:00:00+00:00,2026-07-14 08:00:00+10:00,565.0328507650391,4954.6895,8768.8521
2026-07-13 23:00:00+00:00,2026-07-14 09:00:00+10:00,601.2825987428762,5066.5961,8426.3142
2026-07-14 00:00:00+00:00,2026-07-14 10:00:00+10:00,573.9884846145817,4956.1038,8634.5004
2026-07-14 01:00:00+00:00,2026-07-14 11:00:00+10:00,499.4651428998382,4577.7238,9165.2518
2026-07-14 02:00:00+00:00,2026-07-14 12:00:00+10:00,442.3847316553349,4259.6875,9628.9207
2026-07-14 03:00:00+00:00,2026-07-14 13:00:00+10:00,424.1676533492314,4069.6511,9594.44
2026-07-14 04:00:00+00:00,2026-07-14 14:00:00+10:00,448.7790189363484,4140.4127,9225.9498
2026-07-14 05:00:00+00:00,2026-07-14 15:00:00+10:00,486.69431833604506,4147.9576,8522.7163
2026-07-14 06:00:00+00:00,2026-07-14 16:00:00+10:00,556.8274390356614,4693.2527,8428.5586
2026-07-14 07:00:00+00:00,2026-07-14 17:00:00+10:00,584.8552891663091,5279.2151,9026.5322
2026-07-14 08:00:00+00:00,2026-07-14 18:00:00+10:00,570.7451600514069,5642.1559,9885.5957
2026-07-14 09:00:00+00:00,2026-07-14 19:00:00+10:00,594.6345901335537,5721.0228,9621.073
2026-07-14 10:00:00+00:00,2026-07-14 20:00:00+10:00,617.8615816125339,5723.3843,9263.2144
2026-07-14 11:00:00+00:00,2026-07-14 21:00:00+10:00,668.0823928696708,5717.6293,8558.2697
2026-07-14 12:00:00+00:00,2026-07-14 22:00:00+10:00,746.6528197376056,5690.1272,7620.8474
2026-07-14 13:00:00+00:00,2026-07-14 23:00:00+10:00,795.7032797310802,5692.8989,7154.55
2026-07-14 14:00:00+00:00,2026-07-15 00:00:00+10:00,836.0730749522438,5683.1222,6797.3989
2026-07-14 15:00:00+00:00,2026-07-15 01:00:00+10:00,810.1879006297048,5668.4807,6996.5013
2026-07-14 16:00:00+00:00,2026-07-15 02:00:00+10:00,768.487319773338,5675.4168,7385.1795
2026-07-14 17:00:00+00:00,2026-07-15 03:00:00+10:00,768.7782329464005,3295.4387,4286.5921
2026-07-14 18:00:00+00:00,2026-07-15 04:00:00+10:00,792.0233870025556,5573.8771,7037.5158
2026-07-14 19:00:00+00:00,2026-07-15 05:00:00+10:00,774.80586710289,5584.0826,7207.0732
2026-07-14 20:00:00+00:00,2026-07-15 06:00:00+10:00,708.4487898561928,5630.9395,7948.2661
2026-07-14 21:00:00+00:00,2026-07-15 07:00:00+10:00,634.1580463109698,5654.1832,8916.0474
2026-07-14 22:00:00+00:00,2026-07-15 08:00:00+10:00,604.342339448877,5612.9996,9287.7815
2026-07-14 23:00:00+00:00,2026-07-15 09:00:00+10:00,656.7166219543121,5639.593,8587.5594
2026-07-15 00:00:00+00:00,2026-07-15 10:00:00+10:00,671.4990024172772,5649.2784,8412.9364
2026-07-15 01:00:00+00:00,2026-07-15 11:00:00+10:00,667.8090458474318,5657.3062,8471.4429
2026-07-15 02:00:00+00:00,2026-07-15 12:00:00+10:00,666.5727428636447,5644.9158,8468.5668
2026-07-15 03:00:00+00:00,2026-07-15 13:00:00+10:00,659.1469862830663,5424.4931,8229.5652
2026-07-15 04:00:00+00:00,2026-07-15 14:00:00+10:00,678.6942283457081,3473.3599,5117.7095
2026-07-15 05:00:00+00:00,2026-07-15 15:00:00+10:00,675.9827104785246,4817.9626,7127.3459
2026-07-15 06:00:00+00:00,2026-07-15 16:00:00+10:00,678.0516796262162,5461.2787,8054.3694
2026-07-15 07:00:00+00:00,2026-07-15 17:00:00+10:00,658.918343308497,5499.7146,8346.5799
2026-07-15 08:00:00+00:00,2026-07-15 18:00:00+10:00,634.0253561693451,5498.4004,8672.209
2026-07-15 09:00:00+00:00,2026-07-15 19:00:00+10:00,655.1343795163785,5520.9774,8427.2442
2026-07-15 10:00:00+00:00,2026-07-15 20:00:00+10:00,679.0879922643999,5462.3409,8043.6423
2026-07-15 11:00:00+00:00,2026-07-15 21:00:00+10:00,698.7903410266355,5474.7115,7834.5552
2026-07-15 12:00:00+00:00,2026-07-15 22:00:00+10:00,772.2298438914472,5678.215,7353.0116
2026-07-15 13:00:00+00:00,2026-07-15 23:00:00+10:00,821.9240956290978,5899.1174,7177.2046
2026-07-15 14:00:00+00:00,2026-07-16 00:00:00+10:00,875.7549814365294,5869.4571,6702.1681
2026-07-15 15:00:00+00:00,2026-07-16 01:00:00+10:00,916.136463260727,5855.9123,6391.9651
2026-07-15 16:00:00+00:00,2026-07-16 02:00:00+10:00,936.3901849519664,5854.1206,6251.7962
2026-07-15 17:00:00+00:00,2026-07-16 03:00:00+10:00,941.291020127182,5787.3184,6148.2775
2026-07-15 18:00:00+00:00,2026-07-16 04:00:00+10:00,937.6466779949584,5752.098,6134.6114
2026-07-15 19:00:00+00:00,2026-07-16 05:00:00+10:00,914.9769360159602,5721.724,6253.4079
2026-07-15 20:00:00+00:00,2026-07-16 06:00:00+10:00,867.7362881558295,5770.0167,6649.5049
2026-07-15 21:00:00+00:00,2026-07-16 07:00:00+10:00,755.6230031802082,5755.7833,7617.2685
2026-07-15 22:00:00+00:00,2026-07-16 08:00:00+10:00,727.7491705472863,5748.9101,7899.5763
2026-07-15 23:00:00+00:00,2026-07-16 09:00:00+10:00,763.824022169704,5776.4472,7562.5367
2026-07-16 00:00:00+00:00,2026-07-16 10:00:00+10:00,774.6890111320398,5856.1673,7559.3783
2026-07-16 01:00:00+00:00,2026-07-16 11:00:00+10:00,779.0250373393817,5747.9084,7378.3359
2026-07-16 02:00:00+00:00,2026-07-16 12:00:00+10:00,773.8481697435179,5621.7286,7264.6403
2026-07-16 03:00:00+00:00,2026-07-16 13:00:00+10:00,786.8948851116089,5898.582,7496.0228
2026-07-16 04:00:00+00:00,2026-07-16 14:00:00+10:00,775.1743426698658,5703.1843,7357.2924
2026-07-16 05:00:00+00:00,2026-07-16 15:00:00+10:00,786.1184194259652,5614.8299,7142.4734
2026-07-16 06:00:00+00:00,2026-07-16 16:00:00+10:00,834.2852343551622,2511.1646,3009.9593
2026-07-16 07:00:00+00:00,2026-07-16 17:00:00+10:00,789.9460703090864,6057.1326,7667.7799
2026-07-16 08:00:00+00:00,2026-07-16 18:00:00+10:00,716.8999792487703,6092.425,8498.2915
2026-07-16 09:00:00+00:00,2026-07-16 19:00:00+10:00,690.7067660931219,6084.4569,8809.0304
2026-07-16 10:00:00+00:00,2026-07-16 20:00:00+10:00,754.3308852246673,6092.903,8077.2286
2026-07-16 11:00:00+00:00,2026-07-16 21:00:00+10:00,806.7828922155636,6130.7482,7599.0062
2026-07-16 12:00:00+00:00,2026-07-16 22:00:00+10:00,908.9798673135296,6138.8498,6753.5597
2026-07-16 13:00:00+00:00,2026-07-16 23:00:00+10:00,910.6901328003242,6108.9809,6708.0785
2026-07-16 14:00:00+00:00,2026-07-17 00:00:00+10:00,938.2278751914482,6083.2211,6483.7352
2026-07-16 15:00:00+00:00,2026-07-17 01:00:00+10:00,966.8325106816736,6084.026,6292.7404
2026-07-16 16:00:00+00:00,2026-07-17 02:00:00+10:00,999.848239282538,5951.8887,5952.7921
2026-07-16 17:00:00+00:00,2026-07-17 03:00:00+10:00,1025.6694818651674,5922.268,5774.0511
2026-07-16 18:00:00+00:00,2026-07-17 04:00:00+10:00,1013.9101932246912,5918.296,5837.1008
2026-07-16 19:00:00+00:00,2026-07-17 05:00:00+10:00,980.9420975150056,5901.5823,6016.2392
2026-07-16 20:00:00+00:00,2026-07-17 06:00:00+10:00,906.7473358874232,6012.8184,6631.195
2026-07-16 21:00:00+00:00,2026-07-17 07:00:00+10:00,760.3989659613114,6049.3431,7955.4857
2026-07-16 22:00:00+00:00,2026-07-17 08:00:00+10:00,717.5106461907959,6027.0387,8399.9293
2026-07-16 23:00:00+00:00,2026-07-17 09:00:00+10:00,772.9575977866481,6023.9621,7793.3927
2026-07-17 00:00:00+00:00,2026-07-17 10:00:00+10:00,756.4088917722842,4816.6616,6367.8014
2026-07-17 01:00:00+00:00,2026-07-17 11:00:00+10:00,717.8419157845726,5252.9515,7317.6996
2026-07-17 02:00:00+00:00,2026-07-17 12:00:00+10:00,674.6757365869676,5624.6383,8336.8024
2026-07-17 03:00:00+00:00,2026-07-17 13:00:00+10:00,667.0492527146938,5526.9237,8285.6306
2026-07-17 04:00:00+00:00,2026-07-17 14:00:00+10:00,694.505945787704,5520.9821,7949.5102
2026-07-17 05:00:00+00:00,2026-07-17 15:00:00+10:00,756.0283177874602,5537.7848,7324.8378
2026-07-17 06:00:00+00:00,2026-07-17 16:00:00+10:00,809.9744716086111,5778.4358,7134.0962
2026-07-17 07:00:00+00:00,2026-07-17 17:00:00+10:00,759.7513600869501,5980.844,7872.107
2026-07-17 08:00:00+00:00,2026-07-17 18:00:00+10:00,704.1048564559118,6028.8132,8562.3798
2026-07-17 09:00:00+00:00,2026-07-17 19:00:00+10:00,674.1615549402306,5770.795,8559.9586
2026-07-17 10:00:00+00:00,2026-07-17 20:00:00+10:00,742.5834619873046,6034.3746,8126.1904
2026-07-17 11:00:00+00:00,2026-07-17 21:00:00+10:00,807.7941397163501,6016.8267,7448.4654
2026-07-17 12:00:00+00:00,2026-07-17 22:00:00+10:00,826.7007390121368,6013.2374,7273.7777
2026-07-17 13:00:00+00:00,2026-07-17 23:00:00+10:00,838.9556095551995,6015.1097,7169.7592
2026-07-17 14:00:00+00:00,2026-07-18 00:00:00+10:00,870.4330603998492,6009.8437,6904.4295
2026-07-17 15:00:00+00:00,2026-07-18 01:00:00+10:00,905.8095529668682,6015.9067,6641.4697
2026-07-17 16:00:00+00:00,2026-07-18 02:00:00+10:00,930.620302866205,5988.3572,6434.8018
2026-07-17 17:00:00+00:00,2026-07-18 03:00:00+10:00,940.106995805898,5856.4284,6229.5339
2026-07-17 18:00:00+00:00,2026-07-18 04:00:00+10:00,958.2457282020011,5864.1714,6119.6948
2026-07-17 19:00:00+00:00,2026-07-18 05:00:00+10:00,929.0244319736174,5869.2604,6317.6599
2026-07-17 20:00:00+00:00,2026-07-18 06:00:00+10:00,829.0055180736784,5863.3254,7072.7218
2026-07-17 21:00:00+00:00,2026-07-18 07:00:00+10:00,835.2373505885353,5856.3031,7011.5436
2026-07-17 22:00:00+00:00,2026-07-18 08:00:00+10:00,833.3313534830305,5878.6572,7054.4054
2026-07-17 23:00:00+00:00,2026-07-18 09:00:00+10:00,804.8089524586162,5903.9889,7335.8887
2026-07-18 00:00:00+00:00,2026-07-18 10:00:00+10:00,774.467980292591,5769.7001,7449.8885
2026-07-18 01:00:00+00:00,2026-07-18 11:00:00+10:00,757.7958175059841,5738.5835,7572.7305
2026-07-18 02:00:00+00:00,2026-07-18 12:00:00+10:00,719.3276058490201,5594.7828,7777.7952
2026-07-18 03:00:00+00:00,2026-07-18 13:00:00+10:00,710.344865402611,5466.8035,7695.9851
2026-07-18 04:00:00+00:00,2026-07-18 14:00:00+10:00,726.9941945516991,5324.6929,7324.2578
2026-07-18 05:00:00+00:00,2026-07-18 15:00:00+10:00,792.2001442560285,5542.9177,6996.8653
2026-07-18 06:00:00+00:00,2026-07-18 16:00:00+10:00,842.9958203845763,5685.0173,6743.8262
2026-07-18 07:00:00+00:00,2026-07-18 17:00:00+10:00,801.3948359831519,5870.4277,7325.2627
2026-07-18 08:00:00+00:00,2026-07-18 18:00:00+10:00,745.4976940358433,5914.4814,7933.6012
2026-07-18 09:00:00+00:00,2026-07-18 19:00:00+10:00,743.498911534459,5901.3551,7937.2747
2026-07-18 10:00:00+00:00,2026-07-18 20:00:00+10:00,781.4700287960235,5906.3411,7557.988
2026-07-18 11:00:00+00:00,2026-07-18 21:00:00+10:00,840.3389667623409,5870.8713,6986.3133
2026-07-18 12:00:00+00:00,2026-07-18 22:00:00+10:00,886.9815042042914,5862.8178,6609.8535
2026-07-18 13:00:00+00:00,2026-07-18 23:00:00+10:00,917.4831579931696,5854.5093,6381.0537
2026-07-18 14:00:00+00:00,2026-07-19 00:00:00+10:00,946.1424307445886,5846.6248,6179.4341
2026-07-18 15:00:00+00:00,2026-07-19 01:00:00+10:00,977.086251546239,5823.6967,5960.2688
2026-07-18 16:00:00+00:00,2026-07-19 02:00:00+10:00,983.947233223896,5761.7742,5855.7756
2026-07-18 17:00:00+00:00,2026-07-19 03:00:00+10:00,971.8733169873084,5764.6797,5931.5135
2026-07-18 18:00:00+00:00,2026-07-19 04:00:00+10:00,956.812215855162,5767.6848,6028.0217
2026-07-18 19:00:00+00:00,2026-07-19 05:00:00+10:00,926.9650201123648,5763.9522,6218.0903
2026-07-18 20:00:00+00:00,2026-07-19 06:00:00+10:00,884.25365685968,5747.4522,6499.7777
2026-07-18 21:00:00+00:00,2026-07-19 07:00:00+10:00,833.0957282104652,5769.8349,6925.7766
2026-07-18 22:00:00+00:00,2026-07-19 08:00:00+10:00,793.4117594852338,4333.9896,5462.4721
2026-07-18 23:00:00+00:00,2026-07-19 09:00:00+10:00,734.6313693152364,5783.6713,7872.8891
2026-07-19 00:00:00+00:00,2026-07-19 10:00:00+10:00,677.0130284943643,5740.5024,8479.1609
2026-07-19 01:00:00+00:00,2026-07-19 11:00:00+10:00,659.9649575999832,5619.4126,8514.7136
2026-07-19 02:00:00+00:00,2026-07-19 12:00:00+10:00,643.6880337040246,5436.7077,8446.1842
2026-07-19 03:00:00+00:00,2026-07-19 13:00:00+10:00,639.4882225845964,5279.4469,8255.7375
2026-07-19 04:00:00+00:00,2026-07-19 14:00:00+10:00,657.0484033343251,4974.6839,7571.2594
2026-07-19 05:00:00+00:00,2026-07-19 15:00:00+10:00,712.2555491322718,4937.2836,6931.8991
2026-07-19 06:00:00+00:00,2026-07-19 16:00:00+10:00,772.7896245684482,5674.3742,7342.7153
2026-07-19 07:00:00+00:00,2026-07-19 17:00:00+10:00,706.5188722632079,5768.9052,8165.2528
2026-07-19 08:00:00+00:00,2026-07-19 18:00:00+10:00,672.1097439953405,5769.3848,8583.9922
2026-07-19 09:00:00+00:00,2026-07-19 19:00:00+10:00,673.8869185098151,5781.1072,8578.7497
2026-07-19 10:00:00+00:00,2026-07-19 20:00:00+10:00,704.1497402340544,5731.6439,8139.8083
2026-07-19 11:00:00+00:00,2026-07-19 21:00:00+10:00,705.2178135407145,5757.3861,8163.9828
2026-07-19 12:00:00+00:00,2026-07-19 22:00:00+10:00,784.0742002955104,5767.3986,7355.6796
2026-07-19 13:00:00+00:00,2026-07-19 23:00:00+10:00,802.6793277659407,5751.8075,7165.7601
2026-07-19 14:00:00+00:00,2026-07-20 00:00:00+10:00,769.9094173855527,5599.1232,7272.4441
2026-07-19 15:00:00+00:00,2026-07-20 01:00:00+10:00,763.6386926033497,5494.1988,7194.7622
2026-07-19 16:00:00+00:00,2026-07-20 02:00:00+10:00,738.6922696694436,5314.1906,7194.052
2026-07-19 17:00:00+00:00,2026-07-20 03:00:00+10:00,734.3763897629887,5166.1159,7034.6977
2026-07-19 18:00:00+00:00,2026-07-20 04:00:00+10:00,789.2255174726008,5207.029,6597.644
2026-07-19 19:00:00+00:00,2026-07-20 05:00:00+10:00,845.3841778628316,5581.2643,6602.0449
2026-07-19 20:00:00+00:00,2026-07-20 06:00:00+10:00,744.8480847934707,5685.3432,7632.8896
2026-07-19 21:00:00+00:00,2026-07-20 07:00:00+10:00,641.1818324013437,5710.6522,8906.4473
2026-07-19 22:00:00+00:00,2026-07-20 08:00:00+10:00,636.5064841643035,4281.8161,6727.0581
2026-07-19 23:00:00+00:00,2026-07-20 09:00:00+10:00,662.2922094781799,5728.8698,8650.0637
2026-07-20 00:00:00+00:00,2026-07-20 10:00:00+10:00,670.1084932703736,5714.7247,8528.0589
2026-07-20 01:00:00+00:00,2026-07-20 11:00:00+10:00,655.5490295850756,5707.1441,8705.8997
2026-07-20 02:00:00+00:00,2026-07-20 12:00:00+10:00,626.0103091420532,5691.4963,9091.6974
2026-07-20 03:00:00+00:00,2026-07-20 13:00:00+10:00,638.9494193201261,5675.0237,8881.8043
2026-07-20 04:00:00+00:00,2026-07-20 14:00:00+10:00,673.6843004467529,5591.4011,8299.7349
2026-07-20 05:00:00+00:00,2026-07-20 15:00:00+10:00,738.3592428529778,5691.1236,7707.7976
2026-07-20 06:00:00+00:00,2026-07-20 16:00:00+10:00,730.3592912578036,5862.2791,8026.5688
2026-07-20 07:00:00+00:00,2026-07-20 17:00:00+10:00,668.9064676005707,6050.2293,9044.9556
2026-07-20 08:00:00+00:00,2026-07-20 18:00:00+10:00,647.9384983900546,6048.2285,9334.5719
2026-07-20 09:00:00+00:00,2026-07-20 19:00:00+10:00,657.3547603778918,6058.8101,9216.9563
2026-07-20 10:00:00+00:00,2026-07-20 20:00:00+10:00,689.6001701659033,6030.1449,8744.4075
2026-07-20 11:00:00+00:00,2026-07-20 21:00:00+10:00,716.8934824452863,6033.3073,8415.9048
2026-07-20 12:00:00+00:00,2026-07-20 22:00:00+10:00,754.1743971392092,5847.9495,7754.1077
2026-07-20 13:00:00+00:00,2026-07-20 23:00:00+10:00,768.8439239465663,5740.1995,7466.014
2026-07-20 14:00:00+00:00,2026-07-21 00:00:00+10:00,787.6916614249419,5709.3864,7248.2504
2026-07-20 15:00:00+00:00,2026-07-21 01:00:00+10:00,836.5199373796225,5659.5536,6765.5932
2026-07-20 16:00:00+00:00,2026-07-21 02:00:00+10:00,880.0438329247849,5688.4422,6463.8169
2026-07-20 17:00:00+00:00,2026-07-21 03:00:00+10:00,894.906276504206,5690.6163,6358.8964
2026-07-20 18:00:00+00:00,2026-07-21 04:00:00+10:00,904.2658312518864,5730.8556,6337.5784
2026-07-20 19:00:00+00:00,2026-07-21 05:00:00+10:00,886.8902364144333,5759.5765,6494.1255
2026-07-20 20:00:00+00:00,2026-07-21 06:00:00+10:00,784.2937209170698,5757.4755,7340.9685
2026-07-20 21:00:00+00:00,2026-07-21 07:00:00+10:00,678.6767331118841,5915.1709,8715.7414
2026-07-20 22:00:00+00:00,2026-07-21 08:00:00+10:00,705.2399356916857,4025.7743,5708.3754
2026-07-20 23:00:00+00:00,2026-07-21 09:00:00+10:00,723.955699112568,5988.8011,8272.3309
2026-07-21 00:00:00+00:00,2026-07-21 10:00:00+10:00,725.7033164083882,5767.0554,7946.85
2026-07-21 01:00:00+00:00,2026-07-21 11:00:00+10:00,674.913412632184,5746.3114,8514.1461
2026-07-21 02:00:00+00:00,2026-07-21 12:00:00+10:00,655.1036125649622,5633.8496,8599.9367
2026-07-21 03:00:00+00:00,2026-07-21 13:00:00+10:00,672.2170627897358,5506.4455,8191.4694
2026-07-21 04:00:00+00:00,2026-07-21 14:00:00+10:00,730.1616891106414,5518.1046,7557.3735
2026-07-21 05:00:00+00:00,2026-07-21 15:00:00+10:00,756.0683394257117,5613.3844,7424.4405
2026-07-21 06:00:00+00:00,2026-07-21 16:00:00+10:00,712.1631837932026,5937.1819,8336.8279
2026-07-21 07:00:00+00:00,2026-07-21 17:00:00+10:00,683.1707647868258,6041.0746,8842.7007
2026-07-21 08:00:00+00:00,2026-07-21 18:00:00+10:00,636.7218653567605,6066.3039,9527.4
2026-07-21 09:00:00+00:00,2026-07-21 19:00:00+10:00,627.4012582391108,6076.3783,9684.9954
2026-07-21 10:00:00+00:00,2026-07-21 20:00:00+10:00,672.9304466158663,6074.3632,9026.7326
2026-07-21 11:00:00+00:00,2026-07-21 21:00:00+10:00,704.5055518441405,6051.2914,8589.4162
2026-07-21 12:00:00+00:00,2026-07-21 22:00:00+10:00,732.8590637704493,5812.668,7931.495
2026-07-21 13:00:00+00:00,2026-07-21 23:00:00+10:00,764.5634313128108,5628.1106,7361.2082
2026-07-21 14:00:00+00:00,2026-07-22 00:00:00+10:00,745.107830345928,5376.1123,7215.2138
2026-07-21 15:00:00+00:00,2026-07-22 01:00:00+10:00,712.2233894226913,5181.3268,7274.8619
2026-07-21 16:00:00+00:00,2026-07-22 02:00:00+10:00,645.6819548651997,4694.1851,7270.1197
2026-07-21 17:00:00+00:00,2026-07-22 03:00:00+10:00,617.424611130303,4427.4652,7170.8596
2026-07-21 18:00:00+00:00,2026-07-22 04:00:00+10:00,614.8276701074114,4372.5752,7111.8712
2026-07-21 19:00:00+00:00,2026-07-22 05:00:00+10:00,596.0722294381809,4334.1778,7271.2292
2026-07-21 20:00:00+00:00,2026-07-22 06:00:00+10:00,567.8875018356803,4525.1751,7968.4358
2026-07-21 21:00:00+00:00,2026-07-22 07:00:00+10:00,579.4134345772434,5252.4741,9065.1576
2026-07-21 22:00:00+00:00,2026-07-22 08:00:00+10:00,604.3860415716487,4132.9003,6838.1796
2026-07-21 23:00:00+00:00,2026-07-22 09:00:00+10:00,626.5357085831101,5480.4688,8747.2569
2026-07-22 00:00:00+00:00,2026-07-22 10:00:00+10:00,617.6096418608358,5390.42,8727.8754
2026-07-22 01:00:00+00:00,2026-07-22 11:00:00+10:00,542.580399919687,5091.7341,9384.2942
2026-07-22 02:00:00+00:00,2026-07-22 12:00:00+10:00,528.6162108712485,4982.946,9426.3965
2026-07-22 03:00:00+00:00,2026-07-22 13:00:00+10:00,503.16592543149,4278.5289,8503.2167
2026-07-22 04:00:00+00:00,2026-07-22 14:00:00+10:00,480.626953761249,3811.7065,7930.6965
2026-07-22 05:00:00+00:00,2026-07-22 15:00:00+10:00,547.1859250160727,4186.1019,7650.2368
2026-07-22 06:00:00+00:00,2026-07-22 16:00:00+10:00,697.7713317276555,5341.6726,7655.334
2026-07-22 07:00:00+00:00,2026-07-22 17:00:00+10:00,681.6360495945232,5762.5498,8453.998
2026-07-22 08:00:00+00:00,2026-07-22 18:00:00+10:00,626.0745503776309,5778.8429,9230.2792
2026-07-22 09:00:00+00:00,2026-07-22 19:00:00+10:00,655.0721789111601,5783.1276,8828.2296
2026-07-22 10:00:00+00:00,2026-07-22 20:00:00+10:00,729.9250404394827,5782.0315,7921.4045
2026-07-22 11:00:00+00:00,2026-07-22 21:00:00+10:00,784.6766006518584,5647.5999,7197.3599
2026-07-22 12:00:00+00:00,2026-07-22 22:00:00+10:00,774.5075505264103,5043.0569,6511.3076
2026-07-22 13:00:00+00:00,2026-07-22 23:00:00+10:00,796.0306576696648,4998.497,6279.277
2026-07-22 14:00:00+00:00,2026-07-23 00:00:00+10:00,848.7384307095618,5476.982,6453.0859
2026-07-22 15:00:00+00:00,2026-07-23 01:00:00+10:00,847.345290657678,5704.1886,6731.8349
2026-07-22 16:00:00+00:00,2026-07-23 02:00:00+10:00,859.6706608286561,5736.5659,6672.9809
2026-07-22 17:00:00+00:00,2026-07-23 03:00:00+10:00,832.1032667381569,5706.0929,6857.4336
2026-07-22 18:00:00+00:00,2026-07-23 04:00:00+10:00,821.9617488567477,5630.9208,6850.5874
2026-07-22 19:00:00+00:00,2026-07-23 05:00:00+10:00,797.7472366923614,5636.1222,7065.0476
2026-07-22 20:00:00+00:00,2026-07-23 06:00:00+10:00,691.2191430819496,5691.8459,8234.5027
2026-07-22 21:00:00+00:00,2026-07-23 07:00:00+10:00,591.6212092526413,5730.7292,9686.4837
2026-07-22 22:00:00+00:00,2026-07-23 08:00:00+10:00,608.8124101165047,3781.6462,6211.513
2026-07-22 23:00:00+00:00,2026-07-23 09:00:00+10:00,661.1090287629405,5672.8825,8580.8577
2026-07-23 00:00:00+00:00,2026-07-23 10:00:00+10:00,590.0833762976342,5160.9959,8746.2147
2026-07-23 01:00:00+00:00,2026-07-23 11:00:00+10:00,510.1938555128649,4549.4707,8917.1413
2026-07-23 02:00:00+00:00,2026-07-23 12:00:00+10:00,447.6346201635926,4286.0065,9574.7878
2026-07-23 03:00:00+00:00,2026-07-23 13:00:00+10:00,433.2066664035656,4086.715,9433.6383
2026-07-23 04:00:00+00:00,2026-07-23 14:00:00+10:00,438.6723227728969,3878.3303,8841.0645
2026-07-23 05:00:00+00:00,2026-07-23 15:00:00+10:00,457.6500956109852,3866.4118,8448.4016
2026-07-23 06:00:00+00:00,2026-07-23 16:00:00+10:00,553.0007249449942,4476.8996,8095.6487
2026-07-23 07:00:00+00:00,2026-07-23 17:00:00+10:00,567.405741319768,5176.1856,9122.5471
2026-07-23 08:00:00+00:00,2026-07-23 18:00:00+10:00,532.2348059993019,5472.6847,10282.463
2026-07-23 09:00:00+00:00,2026-07-23 19:00:00+10:00,537.8682627649973,5469.4103,10168.6801
2026-07-23 10:00:00+00:00,2026-07-23 20:00:00+10:00,560.8589170289083,5558.0624,9909.9118
2026-07-23 11:00:00+00:00,2026-07-23 21:00:00+10:00,610.0121315760242,5689.0195,9326.076
2026-07-23 12:00:00+00:00,2026-07-23 22:00:00+10:00,654.2268145445915,5484.5457,8383.2481
2026-07-23 13:00:00+00:00,2026-07-23 23:00:00+10:00,692.1365111174209,5451.9204,7876.9438
2026-07-23 14:00:00+00:00,2026-07-24 00:00:00+10:00,700.9346207446023,5408.0638,7715.5039
2026-07-23 15:00:00+00:00,2026-07-24 01:00:00+10:00,704.9965453974274,5426.3429,7696.978
2026-07-23 16:00:00+00:00,2026-07-24 02:00:00+10:00,708.7228769065009,5182.559,7312.5324
2026-07-23 17:00:00+00:00,2026-07-24 03:00:00+10:00,698.5546478644276,4890.0928,7000.301
2026-07-23 18:00:00+00:00,2026-07-24 04:00:00+10:00,722.8569230792565,5051.9561,6988.8742
2026-07-23 19:00:00+00:00,2026-07-24 05:00:00+10:00,756.6069811245027,5297.1515,7001.193
2026-07-23 20:00:00+00:00,2026-07-24 06:00:00+10:00,662.4811645271137,5619.2978,8482.2001
2026-07-23 21:00:00+00:00,2026-07-24 07:00:00+10:00,564.0098988179127,5637.7641,9995.8602
2026-07-23 22:00:00+00:00,2026-07-24 08:00:00+10:00,621.6394819651366,4700.2574,7561.0664
2026-07-23 23:00:00+00:00,2026-07-24 09:00:00+10:00,630.1425899586968,5428.9679,8615.4594
2026-07-24 00:00:00+00:00,2026-07-24 10:00:00+10:00,589.9936073048099,5310.7494,9001.3677
2026-07-24 01:00:00+00:00,2026-07-24 11:00:00+10:00,548.510694866034,5394.5305,9834.8684
2026-07-24 02:00:00+00:00,2026-07-24 12:00:00+10:00,512.3336411766625,5029.9156,9817.6563
2026-07-24 03:00:00+00:00,2026-07-24 13:00:00+10:00,461.138910578712,4334.1529,9398.8011
2026-07-24 04:00:00+00:00,2026-07-24 14:00:00+10:00,480.5853933780036,4314.842,8978.3045
2026-07-24 05:00:00+00:00,2026-07-24 15:00:00+10:00,524.7963186464095,4298.5771,8190.9437
2026-07-24 06:00:00+00:00,2026-07-24 16:00:00+10:00,605.8339098509939,5286.2162,8725.5205
2026-07-24 07:00:00+00:00,2026-07-24 17:00:00+10:00,573.0844054396919,5684.6703,9919.4294
2026-07-24 08:00:00+00:00,2026-07-24 18:00:00+10:00,548.7578705600724,5656.3707,10307.5892
2026-07-24 09:00:00+00:00,2026-07-24 19:00:00+10:00,612.2610355100792,5590.7515,9131.3201
2026-07-24 10:00:00+00:00,2026-07-24 20:00:00+10:00,605.3922549507106,5324.8041,8795.6264
2026-07-24 11:00:00+00:00,2026-07-24 21:00:00+10:00,610.8469012391855,5173.0593,8468.6675
2026-07-24 12:00:00+00:00,2026-07-24 22:00:00+10:00,593.2173597822771,4688.0861,7902.8134
2026-07-24 13:00:00+00:00,2026-07-24 23:00:00+10:00,586.6908786580642,4474.929,7627.4051
2026-07-24 14:00:00+00:00,2026-07-25 00:00:00+10:00,571.2444465909387,4208.3872,7367.0514
2026-07-24 15:00:00+00:00,2026-07-25 01:00:00+10:00,572.8980190420447,4112.4366,7178.3048
2026-07-24 16:00:00+00:00,2026-07-25 02:00:00+10:00,576.4308286354893,4092.7069,7100.0833
2026-07-24 17:00:00+00:00,2026-07-25 03:00:00+10:00,586.6131749699808,4012.3551,6839.8653
2026-07-24 18:00:00+00:00,2026-07-25 04:00:00+10:00,582.0765913687528,3954.9889,6794.6194
2026-07-24 19:00:00+00:00,2026-07-25 05:00:00+10:00,612.9586764900096,3985.047,6501.3306
2026-07-24 20:00:00+00:00,2026-07-25 06:00:00+10:00,667.486276507476,4084.2731,6118.887
2026-07-24 21:00:00+00:00,2026-07-25 07:00:00+10:00,728.9802466649113,4573.1857,6273.4014
2026-07-24 22:00:00+00:00,2026-07-25 08:00:00+10:00,671.1087012962552,3324.4248,4953.6309
2026-07-24 23:00:00+00:00,2026-07-25 09:00:00+10:00,662.6912918085188,4599.5274,6940.6788
2026-07-25 00:00:00+00:00,2026-07-25 10:00:00+10:00,605.8547076412755,4441.8808,7331.5941
2026-07-25 01:00:00+00:00,2026-07-25 11:00:00+10:00,547.6412204217797,4210.9071,7689.1712
2026-07-25 02:00:00+00:00,2026-07-25 12:00:00+10:00,525.6842410802634,4024.5485,7655.8287
2026-07-25 03:00:00+00:00,2026-07-25 13:00:00+10:00,559.9222004891759,3959.9847,7072.3838
2026-07-25 04:00:00+00:00,2026-07-25 14:00:00+10:00,610.5765962114973,3891.3162,6373.1827
2026-07-25 05:00:00+00:00,2026-07-25 15:00:00+10:00,661.7468402800877,4197.7527,6343.442
2026-07-25 06:00:00+00:00,2026-07-25 16:00:00+10:00,763.6469729485736,5201.1977,6810.9976
2026-07-25 07:00:00+00:00,2026-07-25 17:00:00+10:00,763.71404784973,5668.7374,7422.5915
2026-07-25 08:00:00+00:00,2026-07-25 18:00:00+10:00,741.4106025068496,5648.6158,7618.7416
2026-07-25 09:00:00+00:00,2026-07-25 19:00:00+10:00,726.7628796578844,5646.6786,7769.6299
2026-07-25 10:00:00+00:00,2026-07-25 20:00:00+10:00,732.2281921768215,5646.3904,7711.2442
2026-07-25 11:00:00+00:00,2026-07-25 21:00:00+10:00,762.8266143266203,5634.5155,7386.3646
2026-07-25 12:00:00+00:00,2026-07-25 22:00:00+10:00,821.7700878400343,5641.5561,6865.1271
2026-07-25 13:00:00+00:00,2026-07-25 23:00:00+10:00,855.6848254586289,5640.7738,6592.1162
2026-07-25 14:00:00+00:00,2026-07-26 00:00:00+10:00,860.5496988962325,5636.6729,6550.0841
2026-07-25 15:00:00+00:00,2026-07-26 01:00:00+10:00,886.2841341984129,5527.7997,6237.0514
2026-07-25 16:00:00+00:00,2026-07-26 02:00:00+10:00,924.7369112863184,5436.8146,5879.3096
2026-07-25 17:00:00+00:00,2026-07-26 03:00:00+10:00,923.1098460886508,5434.0651,5886.6939
2026-07-25 18:00:00+00:00,2026-07-26 04:00:00+10:00,904.8736473857366,5442.8653,6015.0556
2026-07-25 19:00:00+00:00,2026-07-26 05:00:00+10:00,921.3097740385632,5390.7777,5851.2108
2026-07-25 20:00:00+00:00,2026-07-26 06:00:00+10:00,948.5484462319596,5301.8496,5589.4347
2026-07-25 21:00:00+00:00,2026-07-26 07:00:00+10:00,944.101758898805,5402.2206,5722.0745
2026-07-25 22:00:00+00:00,2026-07-26 08:00:00+10:00,920.6084723962751,3680.5796,3997.9858
2026-07-25 23:00:00+00:00,2026-07-26 09:00:00+10:00,862.2604506600288,5527.2334,6410.1669
2026-07-26 00:00:00+00:00,2026-07-26 10:00:00+10:00,790.4101486303307,5437.061,6878.7844
2026-07-26 01:00:00+00:00,2026-07-26 11:00:00+10:00,730.5073665876982,5251.7911,7189.2377
2026-07-26 02:00:00+00:00,2026-07-26 12:00:00+10:00,715.9122357247397,5388.2823,7526.4565
2026-07-26 03:00:00+00:00,2026-07-26 13:00:00+10:00,732.2297806862581,5392.5194,7364.518
2026-07-26 04:00:00+00:00,2026-07-26 14:00:00+10:00,778.3784712010766,5471.0687,7028.8027
2026-07-26 05:00:00+00:00,2026-07-26 15:00:00+10:00,804.6917008191922,5324.3561,6616.641
2026-07-26 06:00:00+00:00,2026-07-26 16:00:00+10:00,831.6991386330512,5634.2006,6774.3254
2026-07-26 07:00:00+00:00,2026-07-26 17:00:00+10:00,793.9933828365787,5888.9168,7416.8336
2026-07-26 08:00:00+00:00,2026-07-26 18:00:00+10:00,720.2899065171382,5935.3138,8240.1735
2026-07-26 09:00:00+00:00,2026-07-26 19:00:00+10:00,729.030284236629,5934.3574,8140.0698
2026-07-26 10:00:00+00:00,2026-07-26 20:00:00+10:00,779.8634308121975,5936.6022,7612.3613
2026-07-26 11:00:00+00:00,2026-07-26 21:00:00+10:00,807.6393950571825,5935.5011,7349.1971
2026-07-26 12:00:00+00:00,2026-07-26 22:00:00+10:00,875.1784106855969,5931.8728,6777.9012
2026-07-26 13:00:00+00:00,2026-07-26 23:00:00+10:00,914.8853362378102,5947.0383,6500.31
2026-07-26 14:00:00+00:00,2026-07-27 00:00:00+10:00,925.1042741138044,5802.1454,6271.8826
2026-07-26 15:00:00+00:00,2026-07-27 01:00:00+10:00,940.4767690669294,5783.9326,6150.0005
2026-07-26 16:00:00+00:00,2026-07-27 02:00:00+10:00,941.223338007242,5689.0686,6044.3344
2026-07-26 17:00:00+00:00,2026-07-27 03:00:00+10:00,939.0907242393428,5585.9572,5948.2615
2026-07-26 18:00:00+00:00,2026-07-27 04:00:00+10:00,934.2470460609416,5583.3324,5976.2912
2026-07-26 19:00:00+00:00,2026-07-27 05:00:00+10:00,917.2465900576856,5586.3347,6090.3303
2026-07-26 20:00:00+00:00,2026-07-27 06:00:00+10:00,834.593004704704,5555.5992,6656.6568
2026-07-26 21:00:00+00:00,2026-07-27 07:00:00+10:00,777.1803296593406,5521.82,7104.9405
2026-07-26 22:00:00+00:00,2026-07-27 08:00:00+10:00,738.0806138620069,3675.9964,4980.4809
2026-07-26 23:00:00+00:00,2026-07-27 09:00:00+10:00,736.6699095000138,5432.8885,7374.9293
2026-07-27 00:00:00+00:00,2026-07-27 10:00:00+10:00,674.5315911537696,5150.6549,7635.8987
2026-07-27 01:00:00+00:00,2026-07-27 11:00:00+10:00,597.4961655002841,4867.4243,8146.3691
2026-07-27 02:00:00+00:00,2026-07-27 12:00:00+10:00,552.1629613155812,4807.17,8706.0711
2026-07-27 03:00:00+00:00,2026-07-27 13:00:00+10:00,554.0227370284035,4760.6617,8592.8995
2026-07-27 04:00:00+00:00,2026-07-27 14:00:00+10:00,578.2586311434742,4642.0228,8027.5893
2026-07-27 05:00:00+00:00,2026-07-27 15:00:00+10:00,641.8928934324964,4839.7027,7539.7356
2026-07-27 06:00:00+00:00,2026-07-27 16:00:00+10:00,725.2143905611083,5128.5807,7071.8132
2026-07-27 07:00:00+00:00,2026-07-27 17:00:00+10:00,709.5697241978708,5333.2449,7516.1675
2026-07-27 08:00:00+00:00,2026-07-27 18:00:00+10:00,699.861648052389,5417.7685,7741.1993
2026-07-27 09:00:00+00:00,2026-07-27 19:00:00+10:00,612.8395745318161,5614.5373,9161.5123
2026-07-27 10:00:00+00:00,2026-07-27 20:00:00+10:00,606.0114194849118,5396.3028,8904.6223
2026-07-27 11:00:00+00:00,2026-07-27 21:00:00+10:00,612.2282179143081,5173.5737,8450.4006
2026-07-27 12:00:00+00:00,2026-07-27 22:00:00+10:00,631.627304866486,4890.2021,7742.2272
2026-07-27 13:00:00+00:00,2026-07-27 23:00:00+10:00,593.8068491269953,4265.4083,7183.1578
2026-07-27 14:00:00+00:00,2026-07-28 00:00:00+10:00,594.8000488705417,4189.7217,7043.9162
2026-07-27 15:00:00+00:00,2026-07-28 01:00:00+10:00,583.7030082247996,4018.8558,6885.1038
2026-07-27 16:00:00+00:00,2026-07-28 02:00:00+10:00,577.8080889209266,3918.5429,6781.7377
2026-07-27 17:00:00+00:00,2026-07-28 03:00:00+10:00,592.378592592288,3918.3209,6614.5552
2026-07-27 18:00:00+00:00,2026-07-28 04:00:00+10:00,588.6549751219558,3905.1384,6634.0022
2026-07-27 19:00:00+00:00,2026-07-28 05:00:00+10:00,577.3099284133488,3940.9153,6826.3425
2026-07-27 20:00:00+00:00,2026-07-28 06:00:00+10:00,548.6446325304228,4112.8306,7496.3471
2026-07-27 21:00:00+00:00,2026-07-28 07:00:00+10:00,522.0548808453422,4775.7545,9147.9932
2026-07-27 22:00:00+00:00,2026-07-28 08:00:00+10:00,590.2670656721253,3987.6063,6755.5968
2026-07-27 23:00:00+00:00,2026-07-28 09:00:00+10:00,574.9947141298306,5152.8885,8961.6276
2026-07-28 00:00:00+00:00,2026-07-28 10:00:00+10:00,483.3316563430449,4448.5792,9203.9889
2026-07-28 01:00:00+00:00,2026-07-28 11:00:00+10:00,418.77821240337687,3878.0257,9260.333
2026-07-28 02:00:00+00:00,2026-07-28 12:00:00+10:00,404.9795633314818,3759.5126,9283.2156
2026-07-28 03:00:00+00:00,2026-07-28 13:00:00+10:00,421.24548526221287,3779.4166,8972.005
2026-07-28 04:00:00+00:00,2026-07-28 14:00:00+10:00,438.52133828176494,3792.5892,8648.5853
2026-07-28 05:00:00+00:00,2026-07-28 15:00:00+10:00,460.44159136835793,4002.961,8693.7433
2026-07-28 06:00:00+00:00,2026-07-28 16:00:00+10:00,533.213309030804,4514.0695,8465.7855
2026-07-28 07:00:00+00:00,2026-07-28 17:00:00+10:00,582.6475675962407,5173.4504,8879.2105
2026-07-28 08:00:00+00:00,2026-07-28 18:00:00+10:00,648.1532849103319,5678.0705,8760.3822
2026-07-28 09:00:00+00:00,2026-07-28 19:00:00+10:00,672.9499480270845,5715.4808,8493.1737
2026-07-28 10:00:00+00:00,2026-07-28 20:00:00+10:00,663.2910546588768,5689.9334,8578.3358
2026-07-28 11:00:00+00:00,2026-07-28 21:00:00+10:00,691.4168633767108,5666.2591,8195.1416
2026-07-28 12:00:00+00:00,2026-07-28 22:00:00+10:00,672.4803107179664,5190.0791,7717.8157
2026-07-28 13:00:00+00:00,2026-07-28 23:00:00+10:00,641.5399756943063,4833.9667,7534.9423
2026-07-28 14:00:00+00:00,2026-07-29 00:00:00+10:00,623.3575782923066,4445.1594,7130.9944
2026-07-28 15:00:00+00:00,2026-07-29 01:00:00+10:00,583.4777850965451,4035.9582,6917.0726
2026-07-28 16:00:00+00:00,2026-07-29 02:00:00+10:00,554.4416417462378,3931.6029,7091.1032
2026-07-28 17:00:00+00:00,2026-07-29 03:00:00+10:00,565.1877955526419,3945.0922,6980.144
2026-07-28 18:00:00+00:00,2026-07-29 04:00:00+10:00,564.4123310326573,3944.0339,6987.8592
2026-07-28 19:00:00+00:00,2026-07-29 05:00:00+10:00,568.1018483581357,4004.1914,7048.3689
2026-07-28 20:00:00+00:00,2026-07-29 06:00:00+10:00,591.8373546571681,4177.006,7057.6924
2026-07-28 21:00:00+00:00,2026-07-29 07:00:00+10:00,626.7789900862026,4737.7216,7558.8392
2026-07-28 22:00:00+00:00,2026-07-29 08:00:00+10:00,647.2668080436632,3404.5181,5259.8373
2026-07-28 23:00:00+00:00,2026-07-29 09:00:00+10:00,598.2850060655536,4927.5346,8236.0991
2026-07-29 00:00:00+00:00,2026-07-29 10:00:00+10:00,547.223893367622,4601.7347,8409.2357
2026-07-29 01:00:00+00:00,2026-07-29 11:00:00+10:00,509.2633504453213,4508.0691,8852.1373
2026-07-29 02:00:00+00:00,2026-07-29 12:00:00+10:00,487.7324609690176,4346.5203,8911.6896
2026-07-29 03:00:00+00:00,2026-07-29 13:00:00+10:00,465.8339759520268,4005.8551,8599.3193
2026-07-29 04:00:00+00:00,2026-07-29 14:00:00+10:00,489.5366518751348,3888.6388,7943.509
2026-07-29 05:00:00+00:00,2026-07-29 15:00:00+10:00,530.8210928595435,4056.6598,7642.2355
2026-07-29 06:00:00+00:00,2026-07-29 16:00:00+10:00,655.841111108645,5170.8989,7884.3775
2026-07-29 07:00:00+00:00,2026-07-29 17:00:00+10:00,663.9093058951559,5732.9828,8635.1897
2026-07-29 08:00:00+00:00,2026-07-29 18:00:00+10:00,637.2442785848132,5937.9957,9318.2409
2026-07-29 09:00:00+00:00,2026-07-29 19:00:00+10:00,645.9196076112548,6011.3202,9306.6074
2026-07-29 10:00:00+00:00,2026-07-29 20:00:00+10:00,674.5648966058194,5989.2012,8878.6138
2026-07-29 11:00:00+00:00,2026-07-29 21:00:00+10:00,720.971617660633,5959.617,8266.091
2026-07-29 12:00:00+00:00,2026-07-29 22:00:00+10:00,776.0534089998953,5930.9434,7642.4423
2026-07-29 13:00:00+00:00,2026-07-29 23:00:00+10:00,826.2002644909413,5934.8513,7183.3084
2026-07-29 14:00:00+00:00,2026-07-30 00:00:00+10:00,848.76235570143,5936.5942,6994.4127
2026-07-29 15:00:00+00:00,2026-07-30 01:00:00+10:00,873.0042762757083,5938.1695,6801.9936
2026-07-29 16:00:00+00:00,2026-07-30 02:00:00+10:00,898.2913292966555,5937.8301,6610.1385
2026-07-29 17:00:00+00:00,2026-07-30 03:00:00+10:00,911.6878005899648,5928.1779,6502.421
2026-07-29 18:00:00+00:00,2026-07-30 04:00:00+10:00,938.5489765904892,5911.7994,6298.8715
2026-07-29 19:00:00+00:00,2026-07-30 05:00:00+10:00,921.5440294646876,5941.4558,6447.2837
2026-07-29 20:00:00+00:00,2026-07-30 06:00:00+10:00,846.5489100306733,6051.8378,7148.8342
2026-07-29 21:00:00+00:00,2026-07-30 07:00:00+10:00,668.7620316355208,6077.5146,9087.7088
2026-07-29 22:00:00+00:00,2026-07-30 08:00:00+10:00,708.3272436225949,4049.7151,5717.294
2026-07-29 23:00:00+00:00,2026-07-30 09:00:00+10:00,719.7064167091224,6080.9436,8449.2002
2026-07-30 00:00:00+00:00,2026-07-30 10:00:00+10:00,709.08771593332,6101.5316,8604.7628
2026-07-30 01:00:00+00:00,2026-07-30 11:00:00+10:00,703.115033204015,5947.888,8459.3384
2026-07-30 02:00:00+00:00,2026-07-30 12:00:00+10:00,726.9272361469515,5908.2598,8127.7183
2026-07-30 03:00:00+00:00,2026-07-30 13:00:00+10:00,747.2060591535198,5904.2162,7901.7242
2026-07-30 04:00:00+00:00,2026-07-30 14:00:00+10:00,784.556006580438,5883.8261,7499.5616
2026-07-30 05:00:00+00:00,2026-07-30 15:00:00+10:00,804.8173056974986,5878.8165,7304.5354
2026-07-30 06:00:00+00:00,2026-07-30 16:00:00+10:00,787.9344749678784,6010.5885,7628.2847
2026-07-30 07:00:00+00:00,2026-07-30 17:00:00+10:00,776.4893606711398,6225.513,8017.5123
2026-07-30 08:00:00+00:00,2026-07-30 18:00:00+10:00,710.631496172434,6227.364,8763.141
2026-07-30 09:00:00+00:00,2026-07-30 19:00:00+10:00,732.2110839792846,6233.2855,8512.9625
2026-07-30 10:00:00+00:00,2026-07-30 20:00:00+10:00,753.5179198823931,6229.334,8267.0018
2026-07-30 11:00:00+00:00,2026-07-30 21:00:00+10:00,808.5504279365134,6232.8553,7708.6785
2026-07-30 12:00:00+00:00,2026-07-30 22:00:00+10:00,863.3847188360561,6219.0311,7203.0822
2026-07-30 13:00:00+00:00,2026-07-30 23:00:00+10:00,886.6433912977245,6166.0642,6954.3903
2026-07-30 14:00:00+00:00,2026-07-31 00:00:00+10:00,903.7532714788422,6095.954,6745.1529
2026-07-30 15:00:00+00:00,2026-07-31 01:00:00+10:00,927.6954646620552,6085.8997,6560.2344
2026-07-30 16:00:00+00:00,2026-07-31 02:00:00+10:00,958.6873844271704,6095.0789,6357.7335
2026-07-30 17:00:00+00:00,2026-07-31 03:00:00+10:00,976.3503499750736,6057.5695,6204.299
2026-07-30 18:00:00+00:00,2026-07-31 04:00:00+10:00,984.695251833801,6046.8811,6140.8655
2026-07-30 19:00:00+00:00,2026-07-31 05:00:00+10:00,968.3830068906858,6046.0014,6243.3989
2026-07-30 20:00:00+00:00,2026-07-31 06:00:00+10:00,860.9591163766884,6046.2445,7022.6848
2026-07-30 21:00:00+00:00,2026-07-31 07:00:00+10:00,712.7643666511249,6196.0322,8692.9601
2026-07-30 22:00:00+00:00,2026-07-31 08:00:00+10:00,701.8726206484744,4677.8511,6664.8149
2026-07-30 23:00:00+00:00,2026-07-31 09:00:00+10:00,719.9327061929664,6045.8516,8397.801
2026-07-31 00:00:00+00:00,2026-07-31 10:00:00+10:00,719.3690502583418,5821.4521,8092.4417
2026-07-31 01:00:00+00:00,2026-07-31 11:00:00+10:00,700.158476682748,5748.1528,8209.7882
2026-07-31 02:00:00+00:00,2026-07-31 12:00:00+10:00,691.8569381597514,5668.5287,8193.2093
2026-07-31 03:00:00+00:00,2026-07-31 13:00:00+10:00,692.18333921145,5491.9423,7934.2307
2026-07-31 04:00:00+00:00,2026-07-31 14:00:00+10:00,704.4826647066023,5493.0593,7797.2952
2026-07-31 05:00:00+00:00,2026-07-31 15:00:00+10:00,714.3899196702095,5207.2162,7289.0393
2026-07-31 06:00:00+00:00,2026-07-31 16:00:00+10:00,749.9259499467802,5458.6063,7278.8604
2026-07-31 07:00:00+00:00,2026-07-31 17:00:00+10:00,796.3592231159432,6163.4938,7739.5899
2026-07-31 08:00:00+00:00,2026-07-31 18:00:00+10:00,743.1931420237918,6261.2408,8424.7828
2026-07-31 09:00:00+00:00,2026-07-31 19:00:00+10:00,765.234527577206,6244.5551,8160.3154
2026-07-31 10:00:00+00:00,2026-07-31 20:00:00+10:00,763.585504184383,6233.0082,8162.8163
2026-07-31 11:00:00+00:00,2026-07-31 21:00:00+10:00,810.8604527633163,6234.9762,7689.3332
2026-07-31 12:00:00+00:00,2026-07-31 22:00:00+10:00,894.8160041798249,6042.1878,6752.436
2026-07-31 13:00:00+00:00,2026-07-31 23:00:00+10:00,892.541526978597,5812.3984,6512.1882
2026-07-31 14:00:00+00:00,2026-08-01 00:00:00+10:00,955.156948230322,5787.3609,6059.068
2026-07-31 15:00:00+00:00,2026-08-01 01:00:00+10:00,999.3791150811268,5786.206,5789.8008
2026-07-31 16:00:00+00:00,2026-08-01 02:00:00+10:00,1053.2018444025418,5789.9526,5497.4767
2026-07-31 17:00:00+00:00,2026-08-01 03:00:00+10:00,1079.379486447252,5792.0343,5366.0778
2026-07-31 18:00:00+00:00,2026-08-01 04:00:00+10:00,1072.2965363271933,5788.3323,5398.0705
2026-07-31 19:00:00+00:00,2026-08-01 05:00:00+10:00,1038.2159828289691,5790.0073,5576.8813
2026-07-31 20:00:00+00:00,2026-08-01 06:00:00+10:00,983.9844394459284,5777.5283,5871.5647
2026-07-31 21:00:00+00:00,2026-08-01 07:00:00+10:00,804.1974462647378,5774.2135,7180.0943
2026-07-31 22:00:00+00:00,2026-08-01 08:00:00+10:00,753.0610221796893,4806.3384,6382.4023
2026-07-31 23:00:00+00:00,2026-08-01 09:00:00+10:00,690.6485001042323,5251.8075,7604.1684
2026-08-01 00:00:00+00:00,2026-08-01 10:00:00+10:00,643.4849533238603,5101.846,7928.462
2026-08-01 01:00:00+00:00,2026-08-01 11:00:00+10:00,547.0123967921112,4421.6437,8083.2605
2026-08-01 02:00:00+00:00,2026-08-01 12:00:00+10:00,491.9793631498143,4133.2002,8401.1658
2026-08-01 03:00:00+00:00,2026-08-01 13:00:00+10:00,490.9005621094937,3964.2804,8075.5263
2026-08-01 04:00:00+00:00,2026-08-01 14:00:00+10:00,524.9872680080326,3921.6351,7469.9623
2026-08-01 05:00:00+00:00,2026-08-01 15:00:00+10:00,556.0742026500452,3931.562,7070.2111
2026-08-01 06:00:00+00:00,2026-08-01 16:00:00+10:00,686.9689760106627,4493.5169,6541.0769
2026-08-01 07:00:00+00:00,2026-08-01 17:00:00+10:00,702.7653766631382,5571.1818,7927.5132
2026-08-01 08:00:00+00:00,2026-08-01 18:00:00+10:00,668.1265913228211,5786.1681,8660.2871
2026-08-01 09:00:00+00:00,2026-08-01 19:00:00+10:00,692.5176793461454,5790.414,8361.3952
2026-08-01 10:00:00+00:00,2026-08-01 20:00:00+10:00,671.7096442062644,5793.2673,8624.66
2026-08-01 11:00:00+00:00,2026-08-01 21:00:00+10:00,693.7507434800203,5788.7987,8344.2054
2026-08-01 12:00:00+00:00,2026-08-01 22:00:00+10:00,728.8059296733993,5784.4764,7936.9228
2026-08-01 13:00:00+00:00,2026-08-01 23:00:00+10:00,721.3212693567332,5679.9616,7874.3853
2026-08-01 14:00:00+00:00,2026-08-02 00:00:00+10:00,711.6223580777914,5485.5154,7708.4641
2026-08-01 15:00:00+00:00,2026-08-02 01:00:00+10:00,721.7282450747738,5105.7655,7074.3601
2026-08-01 16:00:00+00:00,2026-08-02 02:00:00+10:00,684.7935306217199,4434.044,6475.0086
2026-08-01 17:00:00+00:00,2026-08-02 03:00:00+10:00,669.4037900225206,4205.6571,6282.6909
2026-08-01 18:00:00+00:00,2026-08-02 04:00:00+10:00,657.3258168443616,4064.3693,6183.1883
2026-08-01 19:00:00+00:00,2026-08-02 05:00:00+10:00,663.2729232077603,3980.2185,6000.8759
2026-08-01 20:00:00+00:00,2026-08-02 06:00:00+10:00,641.8535659872572,3998.9042,6230.2438
2026-08-01 21:00:00+00:00,2026-08-02 07:00:00+10:00,610.4229585654036,4047.5613,6630.7488
2026-08-01 22:00:00+00:00,2026-08-02 08:00:00+10:00,564.2363689907618,2706.1099,4796.0572
2026-08-01 23:00:00+00:00,2026-08-02 09:00:00+10:00,578.213458205615,3959.161,6847.2308
2026-08-02 00:00:00+00:00,2026-08-02 10:00:00+10:00,540.2796367136249,3911.6404,7240.0293
2026-08-02 01:00:00+00:00,2026-08-02 11:00:00+10:00,514.3303211554413,3877.9673,7539.838
2026-08-02 02:00:00+00:00,2026-08-02 12:00:00+10:00,480.9151014975309,3838.5066,7981.672
2026-08-02 03:00:00+00:00,2026-08-02 13:00:00+10:00,484.41907113006,3823.774,7893.5249
2026-08-02 04:00:00+00:00,2026-08-02 14:00:00+10:00,517.3289272190552,3793.741,7333.3247
2026-08-02 05:00:00+00:00,2026-08-02 15:00:00+10:00,525.7798911804091,3782.2956,7193.6863
2026-08-02 06:00:00+00:00,2026-08-02 16:00:00+10:00,538.4380995461389,3849.0422,7148.5324
2026-08-02 07:00:00+00:00,2026-08-02 17:00:00+10:00,553.0878330183767,4593.633,8305.4313
2026-08-02 08:00:00+00:00,2026-08-02 18:00:00+10:00,608.5030415587352,5238.7469,8609.237
2026-08-02 09:00:00+00:00,2026-08-02 19:00:00+10:00,579.1232353644032,4966.0473,8575.1132
2026-08-02 10:00:00+00:00,2026-08-02 20:00:00+10:00,547.3752166159545,4639.6172,8476.1185
2026-08-02 11:00:00+00:00,2026-08-02 21:00:00+10:00,552.3449449403233,4438.3725,8035.5085
2026-08-02 12:00:00+00:00,2026-08-02 22:00:00+10:00,553.9418979845691,4188.2218,7560.7601
2026-08-02 13:00:00+00:00,2026-08-02 23:00:00+10:00,572.3292412333668,4134.5908,7224.1474
2026-08-02 14:00:00+00:00,2026-08-03 00:00:00+10:00,595.1339824032888,4186.8466,7035.1328
2026-08-02 15:00:00+00:00,2026-08-03 01:00:00+10:00,592.8593263540156,4125.5264,6958.6936
2026-08-02 16:00:00+00:00,2026-08-03 02:00:00+10:00,579.5485568140031,4099.0909,7072.9033
2026-08-02 17:00:00+00:00,2026-08-03 03:00:00+10:00,586.5531807485046,4075.033,6947.4229
2026-08-02 18:00:00+00:00,2026-08-03 04:00:00+10:00,594.6124861785952,4091.3097,6880.632
2026-08-02 19:00:00+00:00,2026-08-03 05:00:00+10:00,588.2877618572995,4041.5321,6869.9918
2026-08-02 20:00:00+00:00,2026-08-03 06:00:00+10:00,608.6261651097175,4484.7933,7368.7159
2026-08-02 21:00:00+00:00,2026-08-03 07:00:00+10:00,616.5955568789443,5226.1926,8475.8843
2026-08-02 22:00:00+00:00,2026-08-03 08:00:00+10:00,588.6881550436979,2881.3745,4894.5685
2026-08-02 23:00:00+00:00,2026-08-03 09:00:00+10:00,509.4899998423394,4197.7977,8239.2151
2026-08-03 00:00:00+00:00,2026-08-03 10:00:00+10:00,449.1586770764582,3896.5202,8675.1529
2026-08-03 01:00:00+00:00,2026-08-03 11:00:00+10:00,425.03400623602096,3827.7605,9005.7747
2026-08-03 02:00:00+00:00,2026-08-03 12:00:00+10:00,425.8449894394766,3809.1882,8945.0112
2026-08-03 03:00:00+00:00,2026-08-03 13:00:00+10:00,440.4963827827164,3837.0873,8710.8259
2026-08-03 04:00:00+00:00,2026-08-03 14:00:00+10:00,448.7578117909799,3864.8089,8612.2376
2026-08-03 05:00:00+00:00,2026-08-03 15:00:00+10:00,504.3051344629512,3901.8,7736.9825
2026-08-03 06:00:00+00:00,2026-08-03 16:00:00+10:00,573.9278724037378,4690.8697,8173.2739
2026-08-03 07:00:00+00:00,2026-08-03 17:00:00+10:00,609.1029398470021,5555.1318,9120.1855
2026-08-03 08:00:00+00:00,2026-08-03 18:00:00+10:00,570.2558640706043,5688.5182,9975.3787
2026-08-03 09:00:00+00:00,2026-08-03 19:00:00+10:00,579.578802916015,5694.5195,9825.2722
2026-08-03 10:00:00+00:00,2026-08-03 20:00:00+10:00,592.3715630803008,5691.0601,9607.2473
2026-08-03 11:00:00+00:00,2026-08-03 21:00:00+10:00,651.0008386084702,5693.7545,8746.1554
2026-08-03 12:00:00+00:00,2026-08-03 22:00:00+10:00,717.4257314849618,5607.3564,7815.9399
2026-08-03 13:00:00+00:00,2026-08-03 23:00:00+10:00,752.9125647001069,5447.6247,7235.4015
2026-08-03 14:00:00+00:00,2026-08-04 00:00:00+10:00,759.320701750067,5329.7632,7019.1201
2026-08-03 15:00:00+00:00,2026-08-04 01:00:00+10:00,794.932717881879,5287.9143,6652.0275
2026-08-03 16:00:00+00:00,2026-08-04 02:00:00+10:00,808.9531852876621,5337.5168,6598.054
2026-08-03 17:00:00+00:00,2026-08-04 03:00:00+10:00,810.8485426161478,5418.0405,6681.939
2026-08-03 18:00:00+00:00,2026-08-04 04:00:00+10:00,785.3363899582394,5293.428,6740.332
2026-08-03 19:00:00+00:00,2026-08-04 05:00:00+10:00,785.6962194871493,5442.7458,6927.2903
2026-08-03 20:00:00+00:00,2026-08-04 06:00:00+10:00,693.3208980273481,5507.7001,7943.9407
2026-08-03 21:00:00+00:00,2026-08-04 07:00:00+10:00,587.9835779723282,5508.8476,9369.0501
2026-08-03 22:00:00+00:00,2026-08-04 08:00:00+10:00,501.88949288406815,3220.2063,6416.166
2026-08-03 23:00:00+00:00,2026-08-04 09:00:00+10:00,598.8584890420157,5520.8924,9219.0267
2026-08-04 00:00:00+00:00,2026-08-04 10:00:00+10:00,580.3328774969258,5444.9922,9382.5327
2026-08-04 01:00:00+00:00,2026-08-04 11:00:00+10:00,547.8107823873403,5431.6521,9915.1975
2026-08-04 02:00:00+00:00,2026-08-04 12:00:00+10:00,567.5913547123453,5453.9112,9608.8694
2026-08-04 03:00:00+00:00,2026-08-04 13:00:00+10:00,619.8623954800142,5583.2992,9007.3204
2026-08-04 04:00:00+00:00,2026-08-04 14:00:00+10:00,625.3604278818042,5622.9937,8991.6046
2026-08-04 05:00:00+00:00,2026-08-04 15:00:00+10:00,647.0025459949153,5718.7668,8838.8629
2026-08-04 06:00:00+00:00,2026-08-04 16:00:00+10:00,671.6050860581095,5832.5766,8684.5331
2026-08-04 07:00:00+00:00,2026-08-04 17:00:00+10:00,671.7939080231082,5923.8244,8817.9192
2026-08-04 08:00:00+00:00,2026-08-04 18:00:00+10:00,609.6483862494605,6085.4071,9981.8309
2026-08-04 09:00:00+00:00,2026-08-04 19:00:00+10:00,624.114555680698,6111.2446,9791.8636
2026-08-04 10:00:00+00:00,2026-08-04 20:00:00+10:00,650.5434352028141,6109.9178,9392.0213
2026-08-04 11:00:00+00:00,2026-08-04 21:00:00+10:00,695.9178217565144,5987.1891,8603.299
2026-08-04 12:00:00+00:00,2026-08-04 22:00:00+10:00,761.9194704888871,5848.3337,7675.7898
2026-08-04 13:00:00+00:00,2026-08-04 23:00:00+10:00,806.3278904803557,5762.3064,7146.3563
2026-08-04 14:00:00+00:00,2026-08-05 00:00:00+10:00,824.0775154350703,5720.719,6941.9671
2026-08-04 15:00:00+00:00,2026-08-05 01:00:00+10:00,822.822953197934,5721.7725,6953.8319
2026-08-04 16:00:00+00:00,2026-08-05 02:00:00+10:00,827.8115052723069,5738.455,6932.0793
2026-08-04 17:00:00+00:00,2026-08-05 03:00:00+10:00,827.9189484045712,5683.7371,6865.0888
2026-08-04 18:00:00+00:00,2026-08-05 04:00:00+10:00,824.156757911301,5721.1163,6941.7817
2026-08-04 19:00:00+00:00,2026-08-05 05:00:00+10:00,794.8271988379747,5696.037,7166.3841
2026-08-04 20:00:00+00:00,2026-08-05 06:00:00+10:00,737.3307691638628,5713.6099,7749.0458
2026-08-04 21:00:00+00:00,2026-08-05 07:00:00+10:00,630.2767750255375,5672.5656,9000.1184
2026-08-04 22:00:00+00:00,2026-08-05 08:00:00+10:00,670.1576002989291,1896.6147,2830.1025
2026-08-04 23:00:00+00:00,2026-08-05 09:00:00+10:00,715.2079799463424,5755.2008,8046.8912
2026-08-05 00:00:00+00:00,2026-08-05 10:00:00+10:00,705.7121152547203,5755.8866,8156.1397
2026-08-05 01:00:00+00:00,2026-08-05 11:00:00+10:00,687.0094451093754,5772.2818,8402.0414
2026-08-05 02:00:00+00:00,2026-08-05 12:00:00+10:00,681.2291213418712,5794.8574,8506.4734
2026-08-05 03:00:00+00:00,2026-08-05 13:00:00+10:00,687.0791730003267,5823.9612,8476.4048
2026-08-05 04:00:00+00:00,2026-08-05 14:00:00+10:00,717.5118307318062,5910.8583,8237.9942
2026-08-05 05:00:00+00:00,2026-08-05 15:00:00+10:00,764.1894692706942,5967.9398,7809.5028
2026-08-05 06:00:00+00:00,2026-08-05 16:00:00+10:00,747.1640879581718,6076.1197,8132.2427
2026-08-05 07:00:00+00:00,2026-08-05 17:00:00+10:00,757.5002961646675,6138.4794,8103.6
2026-08-05 08:00:00+00:00,2026-08-05 18:00:00+10:00,730.8464412143157,6140.1072,8401.3643
2026-08-05 09:00:00+00:00,2026-08-05 19:00:00+10:00,743.2616992152443,6151.2446,8276.0145
2026-08-05 10:00:00+00:00,2026-08-05 20:00:00+10:00,748.4195434001057,6152.9542,8221.2634
2026-08-05 11:00:00+00:00,2026-08-05 21:00:00+10:00,779.8143585426905,6160.6699,7900.175
2026-08-05 12:00:00+00:00,2026-08-05 22:00:00+10:00,889.5979059500455,6118.5883,6877.9257
2026-08-05 13:00:00+00:00,2026-08-05 23:00:00+10:00,924.6285114849786,5766.6495,6236.7204
2026-08-05 14:00:00+00:00,2026-08-06 00:00:00+10:00,904.2093101688392,5716.5232,6322.1238
2026-08-05 15:00:00+00:00,2026-08-06 01:00:00+10:00,947.8491796676436,5721.8692,6036.6874
2026-08-05 16:00:00+00:00,2026-08-06 02:00:00+10:00,1007.0403443182888,5732.2968,5692.2216
2026-08-05 17:00:00+00:00,2026-08-06 03:00:00+10:00,1021.784964544389,5730.6869,5608.5058
2026-08-05 18:00:00+00:00,2026-08-06 04:00:00+10:00,1000.6440077341696,5730.3273,5726.6393
2026-08-05 19:00:00+00:00,2026-08-06 05:00:00+10:00,919.2962738561648,5863.2333,6377.9583
2026-08-05 20:00:00+00:00,2026-08-06 06:00:00+10:00,831.5257732106909,6017.9609,7237.2512
2026-08-05 21:00:00+00:00,2026-08-06 07:00:00+10:00,741.3748335150481,6094.4627,8220.4877
2026-08-05 22:00:00+00:00,2026-08-06 08:00:00+10:00,707.9071296571431,6045.0213,8539.2858
2026-08-05 23:00:00+00:00,2026-08-06 09:00:00+10:00,731.5011282962247,6015.471,8223.461
2026-08-06 00:00:00+00:00,2026-08-06 10:00:00+10:00,712.5808636963866,5911.8883,8296.4455
2026-08-06 01:00:00+00:00,2026-08-06 11:00:00+10:00,656.5835562673878,5758.5127,8770.4187
2026-08-06 02:00:00+00:00,2026-08-06 12:00:00+10:00,580.5771852931813,5680.7827,9784.7157
2026-08-06 03:00:00+00:00,2026-08-06 13:00:00+10:00,578.9293695983002,5596.3447,9666.7141
2026-08-06 04:00:00+00:00,2026-08-06 14:00:00+10:00,613.8756108012399,5537.093,9019.8941
2026-08-06 05:00:00+00:00,2026-08-06 15:00:00+10:00,660.3206291738124,5540.6775,8390.8896
2026-08-06 06:00:00+00:00,2026-08-06 16:00:00+10:00,679.3362887710869,5621.3743,8274.8035
2026-08-06 07:00:00+00:00,2026-08-06 17:00:00+10:00,677.6716658288985,5926.6851,8745.6587
2026-08-06 08:00:00+00:00,2026-08-06 18:00:00+10:00,644.0109092797795,5947.9367,9235.7701
2026-08-06 09:00:00+00:00,2026-08-06 19:00:00+10:00,606.2360845970442,5903.2517,9737.5459
2026-08-06 10:00:00+00:00,2026-08-06 20:00:00+10:00,644.374155939374,5867.9928,9106.4993
2026-08-06 11:00:00+00:00,2026-08-06 21:00:00+10:00,684.6811292896756,5692.0737,8313.4666
2026-08-06 12:00:00+00:00,2026-08-06 22:00:00+10:00,711.7194443647586,5612.0002,7885.1298
2026-08-06 13:00:00+00:00,2026-08-06 23:00:00+10:00,799.2379445457819,5627.2535,7040.7737
2026-08-06 14:00:00+00:00,2026-08-07 00:00:00+10:00,841.0606074180309,5482.5222,6518.5816
2026-08-06 15:00:00+00:00,2026-08-07 01:00:00+10:00,856.1698775994481,5288.9306,6177.4313
2026-08-06 16:00:00+00:00,2026-08-07 02:00:00+10:00,857.6211413625169,5288.629,6166.6262
2026-08-06 17:00:00+00:00,2026-08-07 03:00:00+10:00,930.0584849703646,5288.7174,5686.4353
2026-08-06 18:00:00+00:00,2026-08-07 04:00:00+10:00,960.3977049620264,5310.1289,5529.0937
2026-08-06 19:00:00+00:00,2026-08-07 05:00:00+10:00,918.7960892302837,5391.2143,5867.694
2026-08-06 20:00:00+00:00,2026-08-07 06:00:00+10:00,811.7736663012064,5422.4074,6679.7035
2026-08-06 21:00:00+00:00,2026-08-07 07:00:00+10:00,678.0141476289161,1362.7445,2009.9057
2026-08-06 22:00:00+00:00,2026-08-07 08:00:00+10:00,697.2266529488824,5439.3818,7801.4542
2026-08-06 23:00:00+00:00,2026-08-07 09:00:00+10:00,719.9458142388064,5355.5191,7438.7808
2026-08-07 00:00:00+00:00,2026-08-07 10:00:00+10:00,706.1703192368102,5291.9062,7493.81
2026-08-07 01:00:00+00:00,2026-08-07 11:00:00+10:00,690.8879660298581,5287.3189,7652.9324
2026-08-07 02:00:00+00:00,2026-08-07 12:00:00+10:00,641.1425271811802,5047.7934,7873.1221
2026-08-07 03:00:00+00:00,2026-08-07 13:00:00+10:00,595.4141444405988,4322.2378,7259.2125
2026-08-07 04:00:00+00:00,2026-08-07 14:00:00+10:00,554.145334474198,3916.0363,7066.8037
2026-08-07 05:00:00+00:00,2026-08-07 15:00:00+10:00,637.1910483314168,4290.5985,6733.6139
2026-08-07 06:00:00+00:00,2026-08-07 16:00:00+10:00,768.2315292427298,5059.3937,6585.7668
2026-08-07 07:00:00+00:00,2026-08-07 17:00:00+10:00,718.9783514713113,5322.09,7402.2952
2026-08-07 08:00:00+00:00,2026-08-07 18:00:00+10:00,655.5802454345707,5363.9478,8181.9851
2026-08-07 09:00:00+00:00,2026-08-07 19:00:00+10:00,634.7714291723449,5311.8765,8368.172
2026-08-07 10:00:00+00:00,2026-08-07 20:00:00+10:00,678.0331173882604,5310.8102,7832.6708
2026-08-07 11:00:00+00:00,2026-08-07 21:00:00+10:00,714.3060435767337,5288.087,7403.1111
2026-08-07 12:00:00+00:00,2026-08-07 22:00:00+10:00,733.2073294649367,5252.9007,7164.2774
2026-08-07 13:00:00+00:00,2026-08-07 23:00:00+10:00,792.1560699463056,5231.4417,6604.0543
2026-08-07 14:00:00+00:00,2026-08-08 00:00:00+10:00,801.6385196688957,5215.7298,6506.3363
2026-08-07 15:00:00+00:00,2026-08-08 01:00:00+10:00,729.2525619830399,4640.4125,6363.2447
2026-08-07 16:00:00+00:00,2026-08-08 02:00:00+10:00,666.9383292366393,4082.3788,6121.0739
2026-08-07 17:00:00+00:00,2026-08-08 03:00:00+10:00,591.5214249962536,3675.2896,6213.2823
2026-08-07 18:00:00+00:00,2026-08-08 04:00:00+10:00,568.6765677388682,3600.3667,6331.1325
2026-08-07 19:00:00+00:00,2026-08-08 05:00:00+10:00,574.5469291075948,3574.6191,6221.6312
2026-08-07 20:00:00+00:00,2026-08-08 06:00:00+10:00,559.7783716294412,3586.9118,6407.7356
2026-08-07 21:00:00+00:00,2026-08-08 07:00:00+10:00,524.2714432848036,654.3618,1248.1355
2026-08-07 22:00:00+00:00,2026-08-08 08:00:00+10:00,562.1940822185823,4140.3238,7364.5809
2026-08-07 23:00:00+00:00,2026-08-08 09:00:00+10:00,481.6568522710005,3507.2978,7281.7355
2026-08-08 00:00:00+00:00,2026-08-08 10:00:00+10:00,442.8858903690053,3374.6314,7619.6408
2026-08-08 01:00:00+00:00,2026-08-08 11:00:00+10:00,397.9748650773165,3160.0204,7940.2512
2026-08-08 02:00:00+00:00,2026-08-08 12:00:00+10:00,372.6369511750719,3060.8761,8214.0971
2026-08-08 03:00:00+00:00,2026-08-08 13:00:00+10:00,396.1169709083129,3061.0972,7727.7608
2026-08-08 04:00:00+00:00,2026-08-08 14:00:00+10:00,427.4666346912309,3069.4293,7180.512
2026-08-08 05:00:00+00:00,2026-08-08 15:00:00+10:00,471.1676497336255,3182.3138,6754.1008
2026-08-08 06:00:00+00:00,2026-08-08 16:00:00+10:00,565.3250136488191,4101.1355,7254.4738
2026-08-08 07:00:00+00:00,2026-08-08 17:00:00+10:00,638.2160992435578,4938.1956,7737.4977
2026-08-08 08:00:00+00:00,2026-08-08 18:00:00+10:00,645.1487972553253,5187.376,8040.5885
2026-08-08 09:00:00+00:00,2026-08-08 19:00:00+10:00,640.9490389883124,5064.2295,7901.1422
2026-08-08 10:00:00+00:00,2026-08-08 20:00:00+10:00,623.2031419762812,4893.6454,7852.4081
2026-08-08 11:00:00+00:00,2026-08-08 21:00:00+10:00,631.1093372296388,4679.5184,7414.7507
2026-08-08 12:00:00+00:00,2026-08-08 22:00:00+10:00,574.5451862315227,3961.8258,6895.5861
2026-08-08 13:00:00+00:00,2026-08-08 23:00:00+10:00,571.9575879233307,3828.0578,6692.905
2026-08-08 14:00:00+00:00,2026-08-09 00:00:00+10:00,540.0425031553739,3579.3901,6627.9785
2026-08-08 15:00:00+00:00,2026-08-09 01:00:00+10:00,551.0691500101398,3468.4343,6294.0092
2026-08-08 16:00:00+00:00,2026-08-09 02:00:00+10:00,582.6863449961492,3464.0367,5944.9423
2026-08-08 17:00:00+00:00,2026-08-09 03:00:00+10:00,602.1248335084906,3435.0442,5704.8705
2026-08-08 18:00:00+00:00,2026-08-09 04:00:00+10:00,609.7283335642793,3416.7746,5603.7655
2026-08-08 19:00:00+00:00,2026-08-09 05:00:00+10:00,603.5628062925913,3414.6436,5657.4785
2026-08-08 20:00:00+00:00,2026-08-09 06:00:00+10:00,593.078133436667,3453.1539,5822.4266
2026-08-08 21:00:00+00:00,2026-08-09 07:00:00+10:00,566.5573711415128,2358.2469,4162.415
2026-08-08 22:00:00+00:00,2026-08-09 08:00:00+10:00,589.2342514732483,4152.4416,7047.183
2026-08-08 23:00:00+00:00,2026-08-09 09:00:00+10:00,564.2203704921071,4378.9855,7761.1262
2026-08-09 00:00:00+00:00,2026-08-09 10:00:00+10:00,520.6759013332016,4218.0011,8101.0108
2026-08-09 01:00:00+00:00,2026-08-09 11:00:00+10:00,548.9841907178009,4639.4604,8450.9909
2026-08-09 02:00:00+00:00,2026-08-09 12:00:00+10:00,582.9732348137082,4815.6739,8260.5403
2026-08-09 03:00:00+00:00,2026-08-09 13:00:00+10:00,588.1609402537895,4870.88,8281.5428
2026-08-09 04:00:00+00:00,2026-08-09 14:00:00+10:00,599.3855970271549,4884.3056,8148.8538
2026-08-09 05:00:00+00:00,2026-08-09 15:00:00+10:00,612.0120161282758,4920.3285,8039.5946
2026-08-09 06:00:00+00:00,2026-08-09 16:00:00+10:00,649.6066997959742,5152.2555,7931.346
2026-08-09 07:00:00+00:00,2026-08-09 17:00:00+10:00,622.9812484823411,5195.2431,8339.325
2026-08-09 08:00:00+00:00,2026-08-09 18:00:00+10:00,588.4582701013437,5199.0633,8835.0586
2026-08-09 09:00:00+00:00,2026-08-09 19:00:00+10:00,661.318820485901,5197.4048,7859.1515
2026-08-09 10:00:00+00:00,2026-08-09 20:00:00+10:00,750.8098525292926,5180.3493,6899.6821
2026-08-09 11:00:00+00:00,2026-08-09 21:00:00+10:00,872.5214476173484,5195.1508,5954.1812
2026-08-09 12:00:00+00:00,2026-08-09 22:00:00+10:00,957.0485072225464,5191.3966,5424.3819
2026-08-09 13:00:00+00:00,2026-08-09 23:00:00+10:00,991.9983853106828,5192.5595,5234.4435
2026-08-09 14:00:00+00:00,2026-08-10 00:00:00+10:00,1012.7496393983828,5181.191,5115.9643
2026-08-09 15:00:00+00:00,2026-08-10 01:00:00+10:00,1005.499792283257,5175.704,5147.3944
2026-08-09 16:00:00+00:00,2026-08-10 02:00:00+10:00,1068.3620218792555,5145.0315,4815.8128
2026-08-09 17:00:00+00:00,2026-08-10 03:00:00+10:00,1012.6840272155996,5123.8636,5059.6864
2026-08-09 18:00:00+00:00,2026-08-10 04:00:00+10:00,938.8606455245472,5076.0803,5406.6387
2026-08-09 19:00:00+00:00,2026-08-10 05:00:00+10:00,875.0892679669483,5070.8201,5794.6318
2026-08-09 20:00:00+00:00,2026-08-10 06:00:00+10:00,800.3709885137828,5068.5116,6332.7028
2026-08-09 21:00:00+00:00,2026-08-10 07:00:00+10:00,716.4648282374321,3380.966,4718.956
2026-08-09 22:00:00+00:00,2026-08-10 08:00:00+10:00,614.028099143479,4447.8055,7243.6514
2026-08-09 23:00:00+00:00,2026-08-10 09:00:00+10:00,591.1753903855356,4225.0163,7146.8068
2026-08-10 00:00:00+00:00,2026-08-10 10:00:00+10:00,562.4707719218222,4162.0378,7399.5628
2026-08-10 01:00:00+00:00,2026-08-10 11:00:00+10:00,540.2221882100499,4264.8161,7894.5593
2026-08-10 02:00:00+00:00,2026-08-10 12:00:00+10:00,543.7437306081483,4972.3336,9144.627
2026-08-10 03:00:00+00:00,2026-08-10 13:00:00+10:00,540.0821341669661,5092.7431,9429.5715
2026-08-10 04:00:00+00:00,2026-08-10 14:00:00+10:00,537.115967330358,5111.3548,9516.2965
2026-08-10 05:00:00+00:00,2026-08-10 15:00:00+10:00,518.1247911746067,4703.774,9078.4577
2026-08-10 06:00:00+00:00,2026-08-10 16:00:00+10:00,544.9550301350093,4843.4796,8887.8519
2026-08-10 07:00:00+00:00,2026-08-10 17:00:00+10:00,535.393951595221,4834.7937,9030.348
2026-08-10 08:00:00+00:00,2026-08-10 18:00:00+10:00,508.0988275233765,4829.6829,9505.4006
2026-08-10 09:00:00+00:00,2026-08-10 19:00:00+10:00,516.1158056547313,4824.1333,9346.9978
2026-08-10 10:00:00+00:00,2026-08-10 20:00:00+10:00,538.9542493125055,4823.3454,8949.4524
2026-08-10 11:00:00+00:00,2026-08-10 21:00:00+10:00,574.6730813541832,4824.7417,8395.6285
2026-08-10 12:00:00+00:00,2026-08-10 22:00:00+10:00,701.684310081047,5086.4455,7248.9087
2026-08-10 13:00:00+00:00,2026-08-10 23:00:00+10:00,762.6893642449968,5261.4559,6898.5568
2026-08-10 14:00:00+00:00,2026-08-11 00:00:00+10:00,805.8913478573619,5263.6002,6531.4018
2026-08-10 15:00:00+00:00,2026-08-11 01:00:00+10:00,837.7217957959718,5244.8686,6260.8716
2026-08-10 16:00:00+00:00,2026-08-11 02:00:00+10:00,839.2399691333982,5251.7681,6257.7669
2026-08-10 17:00:00+00:00,2026-08-11 03:00:00+10:00,846.0709876660175,5246.5873,6201.1195
2026-08-10 18:00:00+00:00,2026-08-11 04:00:00+10:00,878.7518796609396,5208.6544,5927.3323
2026-08-10 19:00:00+00:00,2026-08-11 05:00:00+10:00,875.3396525135886,5196.4612,5936.5084
2026-08-10 20:00:00+00:00,2026-08-11 06:00:00+10:00,777.4117362718655,5205.7082,6696.2048
2026-08-10 21:00:00+00:00,2026-08-11 07:00:00+10:00,660.0146994466128,4763.5099,7217.2785
2026-08-10 22:00:00+00:00,2026-08-11 08:00:00+10:00,666.9901266745377,4797.2864,7192.4399
2026-08-10 23:00:00+00:00,2026-08-11 09:00:00+10:00,721.1924586066355,5240.8955,7266.986
2026-08-11 00:00:00+00:00,2026-08-11 10:00:00+10:00,666.6677886106689,5110.1864,7665.2667
2026-08-11 01:00:00+00:00,2026-08-11 11:00:00+10:00,608.6324735007366,5068.4417,8327.59
2026-08-11 02:00:00+00:00,2026-08-11 12:00:00+10:00,549.744596565458,4761.964,8662.1388
2026-08-11 03:00:00+00:00,2026-08-11 13:00:00+10:00,553.7086393928031,4770.9646,8616.381
2026-08-11 04:00:00+00:00,2026-08-11 14:00:00+10:00,567.6208063950342,4534.168,7988.0229
2026-08-11 05:00:00+00:00,2026-08-11 15:00:00+10:00,624.4231172043036,4839.4776,7750.3178
2026-08-11 06:00:00+00:00,2026-08-11 16:00:00+10:00,650.1983519138462,5095.821,7837.333
2026-08-11 07:00:00+00:00,2026-08-11 17:00:00+10:00,598.9616528303017,5303.0762,8853.7825
2026-08-11 08:00:00+00:00,2026-08-11 18:00:00+10:00,567.4413692283613,5330.2445,9393.4718
2026-08-11 09:00:00+00:00,2026-08-11 19:00:00+10:00,578.0053817062603,5342.1911,9242.4591
2026-08-11 10:00:00+00:00,2026-08-11 20:00:00+10:00,591.8189844238332,5338.7078,9020.8458
2026-08-11 11:00:00+00:00,2026-08-11 21:00:00+10:00,595.6498027430936,5020.9331,8429.3373
2026-08-11 12:00:00+00:00,2026-08-11 22:00:00+10:00,544.5985746461937,4200.5217,7713.0604
2026-08-11 13:00:00+00:00,2026-08-11 23:00:00+10:00,529.3649841935465,3933.284,7430.193
2026-08-11 14:00:00+00:00,2026-08-12 00:00:00+10:00,498.1313736275397,3684.9632,7397.573
2026-08-11 15:00:00+00:00,2026-08-12 01:00:00+10:00,481.54665053510325,3610.9613,7498.6739
2026-08-11 16:00:00+00:00,2026-08-12 02:00:00+10:00,492.0782973234458,3554.2189,7222.8727
2026-08-11 17:00:00+00:00,2026-08-12 03:00:00+10:00,507.8206396725345,3556.4277,7003.3146
2026-08-11 18:00:00+00:00,2026-08-12 04:00:00+10:00,533.0653921652166,3553.966,6667.0357
2026-08-11 19:00:00+00:00,2026-08-12 05:00:00+10:00,527.9551090739901,3570.4036,6762.703
2026-08-11 20:00:00+00:00,2026-08-12 06:00:00+10:00,547.5662285052481,4072.3336,7437.1526
2026-08-11 21:00:00+00:00,2026-08-12 07:00:00+10:00,612.237753926607,4716.0785,7703.0181
2026-08-11 22:00:00+00:00,2026-08-12 08:00:00+10:00,648.5487433861049,4646.1351,7163.895
2026-08-11 23:00:00+00:00,2026-08-12 09:00:00+10:00,619.7287982209576,5112.7976,8250.0565
2026-08-12 00:00:00+00:00,2026-08-12 10:00:00+10:00,576.342351274153,4631.9874,8036.868
2026-08-12 01:00:00+00:00,2026-08-12 11:00:00+10:00,463.8535600433686,3711.6354,8001.7396
2026-08-12 02:00:00+00:00,2026-08-12 12:00:00+10:00,440.7400344606585,3540.3308,8032.6962
2026-08-12 03:00:00+00:00,2026-08-12 13:00:00+10:00,448.77624449738346,3554.2387,7919.8459
2026-08-12 04:00:00+00:00,2026-08-12 14:00:00+10:00,465.1753269729884,3553.6249,7639.3237
2026-08-12 05:00:00+00:00,2026-08-12 15:00:00+10:00,487.8386490419952,3761.6064,7710.7593
2026-08-12 06:00:00+00:00,2026-08-12 16:00:00+10:00,618.0892243152755,4930.5742,7977.1237
2026-08-12 07:00:00+00:00,2026-08-12 17:00:00+10:00,604.2007224794784,5186.7234,8584.4376
2026-08-12 08:00:00+00:00,2026-08-12 18:00:00+10:00,543.2062211504908,5197.84,9568.8153
2026-08-12 09:00:00+00:00,2026-08-12 19:00:00+10:00,552.5349738242026,5176.467,9368.578
2026-08-12 10:00:00+00:00,2026-08-12 20:00:00+10:00,587.770091906528,5224.5916,8888.8354
2026-08-12 11:00:00+00:00,2026-08-12 21:00:00+10:00,656.070483584286,5272.513,8036.5039
2026-08-12 12:00:00+00:00,2026-08-12 22:00:00+10:00,715.1238515850208,5239.9777,7327.3709
2026-08-12 13:00:00+00:00,2026-08-12 23:00:00+10:00,717.3559193118926,5238.9921,7303.1977
2026-08-12 14:00:00+00:00,2026-08-13 00:00:00+10:00,724.3985600355827,5220.4871,7206.6503
2026-08-12 15:00:00+00:00,2026-08-13 01:00:00+10:00,733.7186397450507,5197.4395,7083.6956
2026-08-12 16:00:00+00:00,2026-08-13 02:00:00+10:00,719.7831441229306,5186.2812,7205.3385
2026-08-12 17:00:00+00:00,2026-08-13 03:00:00+10:00,682.6350496391615,4869.0345,7132.7051
2026-08-12 18:00:00+00:00,2026-08-13 04:00:00+10:00,672.2014001838626,4705.272,6999.795
2026-08-12 19:00:00+00:00,2026-08-13 05:00:00+10:00,635.7943797781977,4358.6555,6855.4483
2026-08-12 20:00:00+00:00,2026-08-13 06:00:00+10:00,678.4243014379857,5072.1918,7476.43
2026-08-12 21:00:00+00:00,2026-08-13 07:00:00+10:00,613.4328129102272,1694.417,2762.1884
2026-08-12 22:00:00+00:00,2026-08-13 08:00:00+10:00,630.4199785002029,5121.1111,8123.3325
2026-08-12 23:00:00+00:00,2026-08-13 09:00:00+10:00,673.5412132252657,5081.1153,7543.8818
2026-08-13 00:00:00+00:00,2026-08-13 10:00:00+10:00,665.5363430284855,4961.7524,7455.2689
2026-08-13 01:00:00+00:00,2026-08-13 11:00:00+10:00,633.0815176781504,4992.0746,7885.3583
2026-08-13 02:00:00+00:00,2026-08-13 12:00:00+10:00,630.2627535321989,5062.3559,8032.1356
2026-08-13 03:00:00+00:00,2026-08-13 13:00:00+10:00,649.3992833151266,5086.4432,7832.5359
2026-08-13 04:00:00+00:00,2026-08-13 14:00:00+10:00,672.1088372355464,5107.7024,7599.5168
2026-08-13 05:00:00+00:00,2026-08-13 15:00:00+10:00,717.2551890146804,5135.7137,7160.2322
2026-08-13 06:00:00+00:00,2026-08-13 16:00:00+10:00,717.3402191666077,5121.804,7139.9928
2026-08-13 07:00:00+00:00,2026-08-13 17:00:00+10:00,678.1724375698205,5120.1899,7549.9823
2026-08-13 08:00:00+00:00,2026-08-13 18:00:00+10:00,652.1515536624028,5149.3348,7895.9174
2026-08-13 09:00:00+00:00,2026-08-13 19:00:00+10:00,628.4624733332302,5187.7118,8254.6087
2026-08-13 10:00:00+00:00,2026-08-13 20:00:00+10:00,666.5597608827644,5276.0744,7915.3809
2026-08-13 11:00:00+00:00,2026-08-13 21:00:00+10:00,735.3954726721001,5313.1764,7224.924
2026-08-13 12:00:00+00:00,2026-08-13 22:00:00+10:00,802.7576077953048,5202.4403,6480.7113
2026-08-13 13:00:00+00:00,2026-08-13 23:00:00+10:00,861.9865098249533,5212.6568,6047.2603
2026-08-13 14:00:00+00:00,2026-08-14 00:00:00+10:00,854.5603003254332,5204.8018,6090.6197
2026-08-13 15:00:00+00:00,2026-08-14 01:00:00+10:00,881.2913209144469,5207.1578,5908.5545
2026-08-13 16:00:00+00:00,2026-08-14 02:00:00+10:00,873.4553321197192,5210.2988,5965.1577
2026-08-13 17:00:00+00:00,2026-08-14 03:00:00+10:00,870.5882709493769,5228.0734,6005.2192
2026-08-13 18:00:00+00:00,2026-08-14 04:00:00+10:00,866.7868738362687,5270.3075,6080.2807
2026-08-13 19:00:00+00:00,2026-08-14 05:00:00+10:00,851.9620023525089,5280.8771,6198.489
2026-08-13 20:00:00+00:00,2026-08-14 06:00:00+10:00,786.4321281719706,5286.2545,6721.8191
2026-08-13 21:00:00+00:00,2026-08-14 07:00:00+10:00,693.1624048482743,2220.5563,3203.5152
2026-08-13 22:00:00+00:00,2026-08-14 08:00:00+10:00,715.1339145065896,5309.724,7424.7968
2026-08-13 23:00:00+00:00,2026-08-14 09:00:00+10:00,745.8248426445795,5303.0301,7110.2889
2026-08-14 00:00:00+00:00,2026-08-14 10:00:00+10:00,715.3887090050532,5323.3662,7441.222
2026-08-14 01:00:00+00:00,2026-08-14 11:00:00+10:00,657.4997981529963,5329.1337,8105.1488
2026-08-14 02:00:00+00:00,2026-08-14 12:00:00+10:00,677.62853451217,5331.5086,7867.8927
2026-08-14 03:00:00+00:00,2026-08-14 13:00:00+10:00,695.5305426107228,5327.6638,7659.856
2026-08-14 04:00:00+00:00,2026-08-14 14:00:00+10:00,720.7562199433654,5317.8359,7378.1339
2026-08-14 05:00:00+00:00,2026-08-14 15:00:00+10:00,770.4823165290823,5330.7434,6918.7096
2026-08-14 06:00:00+00:00,2026-08-14 16:00:00+10:00,765.2643991393887,5383.2792,7034.535
2026-08-14 07:00:00+00:00,2026-08-14 17:00:00+10:00,761.5445999428592,5611.1472,7368.1137
2026-08-14 08:00:00+00:00,2026-08-14 18:00:00+10:00,698.373516272467,5652.116,8093.2565
2026-08-14 09:00:00+00:00,2026-08-14 19:00:00+10:00,714.3721936303027,5647.8975,7906.0993
2026-08-14 10:00:00+00:00,2026-08-14 20:00:00+10:00,730.9681969962402,5663.8456,7748.4159
2026-08-14 11:00:00+00:00,2026-08-14 21:00:00+10:00,797.0249285662012,5664.3724,7106.8949
2026-08-14 12:00:00+00:00,2026-08-14 22:00:00+10:00,905.707857660681,5666.8466,6256.8151
2026-08-14 13:00:00+00:00,2026-08-14 23:00:00+10:00,951.8192534034152,5647.8811,5933.7748
2026-08-14 14:00:00+00:00,2026-08-15 00:00:00+10:00,968.067806652878,5472.6271,5653.1444
2026-08-14 15:00:00+00:00,2026-08-15 01:00:00+10:00,1061.478625414779,5364.4769,5053.7776
2026-08-14 16:00:00+00:00,2026-08-15 02:00:00+10:00,1126.272252553474,5424.9409,4816.7225
2026-08-14 17:00:00+00:00,2026-08-15 03:00:00+10:00,1153.3388582167076,5503.717,4771.9861
2026-08-14 18:00:00+00:00,2026-08-15 04:00:00+10:00,1160.7146945662298,5556.2521,4786.9232
2026-08-14 19:00:00+00:00,2026-08-15 05:00:00+10:00,1168.3857486208988,5631.4777,4819.8788
2026-08-14 20:00:00+00:00,2026-08-15 06:00:00+10:00,1103.4159790679191,5637.2046,5108.8662
2026-08-14 21:00:00+00:00,2026-08-15 07:00:00+10:00,1011.0020590025588,2339.7377,2314.2759
2026-08-14 22:00:00+00:00,2026-08-15 08:00:00+10:00,897.4612363355371,5616.6189,6258.3415
2026-08-14 23:00:00+00:00,2026-08-15 09:00:00+10:00,805.3162725665125,5644.299,7008.7979
2026-08-15 00:00:00+00:00,2026-08-15 10:00:00+10:00,746.9450415605568,5642.2441,7553.7607
2026-08-15 01:00:00+00:00,2026-08-15 11:00:00+10:00,722.7153040204795,5652.0006,7820.5077
2026-08-15 02:00:00+00:00,2026-08-15 12:00:00+10:00,704.4844335472541,5631.4959,7993.7833
2026-08-15 03:00:00+00:00,2026-08-15 13:00:00+10:00,711.040765008421,5614.383,7896.0072
2026-08-15 04:00:00+00:00,2026-08-15 14:00:00+10:00,730.9026871140793,5549.4103,7592.5433
2026-08-15 05:00:00+00:00,2026-08-15 15:00:00+10:00,763.1373096755467,5590.5156,7325.7008
2026-08-15 06:00:00+00:00,2026-08-15 16:00:00+10:00,765.7955690644483,5625.4906,7345.943
2026-08-15 07:00:00+00:00,2026-08-15 17:00:00+10:00,776.3681533551523,5619.9491,7238.7682
2026-08-15 08:00:00+00:00,2026-08-15 18:00:00+10:00,704.5799563829185,5625.3861,7984.028
2026-08-15 09:00:00+00:00,2026-08-15 19:00:00+10:00,692.3060872061917,5640.2872,8147.1004
2026-08-15 10:00:00+00:00,2026-08-15 20:00:00+10:00,747.607484707259,5664.7271,7577.1407
2026-08-15 11:00:00+00:00,2026-08-15 21:00:00+10:00,791.8830544603637,5679.3703,7171.9811
2026-08-15 12:00:00+00:00,2026-08-15 22:00:00+10:00,839.2902640250921,5674.7573,6761.3763
2026-08-15 13:00:00+00:00,2026-08-15 23:00:00+10:00,929.2490151670208,5649.2589,6079.3811
2026-08-15 14:00:00+00:00,2026-08-16 00:00:00+10:00,947.629594817716,5652.3759,5964.7524
2026-08-15 15:00:00+00:00,2026-08-16 01:00:00+10:00,958.4190267491642,5622.6164,5866.5534
2026-08-15 16:00:00+00:00,2026-08-16 02:00:00+10:00,963.6182963314096,5627.707,5840.1828
2026-08-15 17:00:00+00:00,2026-08-16 03:00:00+10:00,990.4595978065396,5592.9124,5646.785
2026-08-15 18:00:00+00:00,2026-08-16 04:00:00+10:00,1002.0824249280936,5586.1673,5574.5587
2026-08-15 19:00:00+00:00,2026-08-16 05:00:00+10:00,996.871599212469,5581.0966,5598.6113
2026-08-15 20:00:00+00:00,2026-08-16 06:00:00+10:00,945.4135106159172,5573.7486,5895.5669
2026-08-15 21:00:00+00:00,2026-08-16 07:00:00+10:00,853.7410266887621,1840.9193,2156.2971
2026-08-15 22:00:00+00:00,2026-08-16 08:00:00+10:00,845.5064403515291,5529.6582,6540.0545
2026-08-15 23:00:00+00:00,2026-08-16 09:00:00+10:00,775.2049094760564,5493.3061,7086.2633
2026-08-16 00:00:00+00:00,2026-08-16 10:00:00+10:00,677.2829612158806,5143.4841,7594.2913
2026-08-16 01:00:00+00:00,2026-08-16 11:00:00+10:00,588.526882061503,4486.3436,7623.0054
2026-08-16 02:00:00+00:00,2026-08-16 12:00:00+10:00,538.0150402716765,4120.019,7657.8138
2026-08-16 03:00:00+00:00,2026-08-16 13:00:00+10:00,533.7452900922565,4038.7943,7566.8945
2026-08-16 04:00:00+00:00,2026-08-16 14:00:00+10:00,565.8299648283844,3808.9531,6731.6214
2026-08-16 05:00:00+00:00,2026-08-16 15:00:00+10:00,592.3083984966906,3835.6189,6475.7125
2026-08-16 06:00:00+00:00,2026-08-16 16:00:00+10:00,716.1985369824573,4635.1931,6471.9388
2026-08-16 07:00:00+00:00,2026-08-16 17:00:00+10:00,803.6793198202198,5461.7222,6795.8974
2026-08-16 08:00:00+00:00,2026-08-16 18:00:00+10:00,729.2698587687809,5520.1632,7569.4383
2026-08-16 09:00:00+00:00,2026-08-16 19:00:00+10:00,738.8605789954348,5538.7493,7496.3389
2026-08-16 10:00:00+00:00,2026-08-16 20:00:00+10:00,772.7681656093523,5574.7259,7213.9694
2026-08-16 11:00:00+00:00,2026-08-16 21:00:00+10:00,807.9086399538734,5617.9901,6953.7443
2026-08-16 12:00:00+00:00,2026-08-16 22:00:00+10:00,892.9233210921731,5628.385,6303.324
2026-08-16 13:00:00+00:00,2026-08-16 23:00:00+10:00,926.8810420645864,5601.1312,6042.9882
2026-08-16 14:00:00+00:00,2026-08-17 00:00:00+10:00,944.5345539931516,5573.724,5901.0271
2026-08-16 15:00:00+00:00,2026-08-17 01:00:00+10:00,973.5411938434288,5573.6166,5725.0958
2026-08-16 16:00:00+00:00,2026-08-17 02:00:00+10:00,1006.5366977769617,5539.6416,5503.6658
2026-08-16 17:00:00+00:00,2026-08-17 03:00:00+10:00,1007.3968454170346,5526.1441,5485.5682
2026-08-16 18:00:00+00:00,2026-08-17 04:00:00+10:00,1001.7983859529,5600.8454,5590.791
2026-08-16 19:00:00+00:00,2026-08-17 05:00:00+10:00,984.6353370593993,5599.074,5686.4443
2026-08-16 20:00:00+00:00,2026-08-17 06:00:00+10:00,844.2127573612725,5600.7791,6634.3218
2026-08-16 21:00:00+00:00,2026-08-17 07:00:00+10:00,706.8386039188571,2802.2456,3964.4773
2026-08-16 22:00:00+00:00,2026-08-17 08:00:00+10:00,678.0239919010821,5615.8603,8282.6867
2026-08-16 23:00:00+00:00,2026-08-17 09:00:00+10:00,682.9393946502648,5618.6865,8227.211
2026-08-17 00:00:00+00:00,2026-08-17 10:00:00+10:00,671.0192088916825,5603.5817,8350.8514
2026-08-17 01:00:00+00:00,2026-08-17 11:00:00+10:00,603.5602962917835,5357.7759,8876.9522
2026-08-17 02:00:00+00:00,2026-08-17 12:00:00+10:00,581.4301634048168,5298.5336,9112.9321
2026-08-17 03:00:00+00:00,2026-08-17 13:00:00+10:00,566.306188695618,5054.8914,8926.0748
2026-08-17 04:00:00+00:00,2026-08-17 14:00:00+10:00,570.4028690376555,4946.4115,8671.7858
2026-08-17 05:00:00+00:00,2026-08-17 15:00:00+10:00,608.1923304850604,4812.487,7912.7716
2026-08-17 06:00:00+00:00,2026-08-17 16:00:00+10:00,697.0360710968534,5183.0602,7435.8565
2026-08-17 07:00:00+00:00,2026-08-17 17:00:00+10:00,729.252402826184,5622.1749,7709.5048
2026-08-17 08:00:00+00:00,2026-08-17 18:00:00+10:00,676.9617274844611,5566.4052,8222.6291
2026-08-17 09:00:00+00:00,2026-08-17 19:00:00+10:00,693.5658436596347,5516.4503,7953.7514
2026-08-17 10:00:00+00:00,2026-08-17 20:00:00+10:00,742.0116658521131,5461.5575,7360.4739
2026-08-17 11:00:00+00:00,2026-08-17 21:00:00+10:00,791.7110007093011,5429.0118,6857.3151
2026-08-17 12:00:00+00:00,2026-08-17 22:00:00+10:00,805.9521920986126,5439.1568,6748.7338
2026-08-17 13:00:00+00:00,2026-08-17 23:00:00+10:00,834.3989561762654,5454.0537,6536.5059
2026-08-17 14:00:00+00:00,2026-08-18 00:00:00+10:00,829.074684792907,5463.6423,6590.0484
2026-08-17 15:00:00+00:00,2026-08-18 01:00:00+10:00,823.7550005493326,5292.6828,6425.0691
2026-08-17 16:00:00+00:00,2026-08-18 02:00:00+10:00,797.3663034413884,5204.78,6527.4642
2026-08-17 17:00:00+00:00,2026-08-18 03:00:00+10:00,765.17348906054,5162.0844,6746.2928
2026-08-17 18:00:00+00:00,2026-08-18 04:00:00+10:00,742.3615257488237,5101.8539,6872.4654
2026-08-17 19:00:00+00:00,2026-08-18 05:00:00+10:00,724.4823934483812,5141.09,7096.2249
2026-08-17 20:00:00+00:00,2026-08-18 06:00:00+10:00,693.0231016295388,5222.2927,7535.5247
2026-08-17 21:00:00+00:00,2026-08-18 07:00:00+10:00,602.7908026348109,3036.0601,5036.6729
